Date,TimeOpen,TimeClose,Direction,EntryPrice,StopLoss,TakeProfit,ResultPoints,ResultR,MAE_Points,MFE_Points,SMA200_Trend,Breakout_Volume,Duration_Minutes,Spread_Entry,OpeningRangeSize,ATR,YesterdayRange,DistanceBreakout,DayOfWeek,Month
2024.01.02,09:38,15:49,SHORT,16996.26,17096.26,16696.26,30001.0,3.00,219.0,29958.0,BELOW,233,371,68,3004.0,3.41,17.48,150.00,Tuesday,January
2024.01.03,09:44,20:30,SHORT,16658.06,16758.06,16358.06,9929.0,0.99,1363.0,12202.0,BELOW,324,646,68,2781.0,5.69,415.75,195.00,Wednesday,January
2024.01.04,11:40,20:30,SHORT,16548.56,16648.56,16248.56,6302.0,0.63,2986.0,9787.0,BELOW,227,530,68,3103.0,4.43,206.93,-29.00,Thursday,January
2024.01.05,10:26,14:34,SHORT,16383.02,16483.02,16083.02,-10011.0,-1.00,8396.0,4633.0,BELOW,267,248,65,2977.0,4.88,151.12,724.00,Friday,January
2024.01.10,09:34,15:05,LONG,16764.00,16664.00,17064.00,-10008.0,-1.00,9380.0,0.0,ABOVE,132,331,100,4730.0,5.63,209.70,500.00,Wednesday,January
2024.01.11,09:32,20:30,SHORT,16865.60,16965.60,16565.60,5500.0,0.55,2850.0,24350.0,ABOVE,239,658,100,2980.0,6.14,180.60,900.00,Thursday,January
2024.01.15,11:22,23:05,SHORT,16822.10,16922.10,16522.10,-1010.0,-0.10,3100.0,880.0,ABOVE,139,703,100,2990.0,4.58,18.70,470.00,Monday,January
2024.01.16,10:20,14:31,SHORT,16712.10,16812.10,16412.10,-10003.0,-1.00,8970.0,880.0,ABOVE,228,251,100,2480.0,5.64,86.00,320.00,Tuesday,January
2024.01.18,09:32,20:30,LONG,16801.70,16701.70,17101.70,18720.0,1.87,1030.0,18960.0,ABOVE,160,658,100,3130.0,6.09,291.40,140.00,Thursday,January
2024.01.23,09:46,20:30,LONG,17359.30,17259.30,17659.30,4240.0,0.42,3900.0,5600.0,ABOVE,186,644,100,3120.0,5.04,150.30,180.00,Tuesday,January
2024.01.25,10:08,13:55,SHORT,17511.90,17611.90,17211.90,-10000.0,-1.00,9100.0,300.0,ABOVE,229,227,100,2470.0,5.02,223.30,100.00,Thursday,January
2024.01.30,09:38,20:30,SHORT,17596.30,17696.30,17296.30,9060.0,0.91,2140.0,13510.0,ABOVE,135,652,100,2940.0,4.79,251.80,160.00,Tuesday,January
2024.01.31,09:36,19:42,SHORT,17261.40,17361.40,16961.40,-10003.0,-1.00,9440.0,6740.0,BELOW,346,606,100,9360.0,10.59,300.60,250.00,Wednesday,January
2024.02.01,11:04,20:30,LONG,17267.20,17167.20,17567.20,8150.0,0.82,8650.0,9220.0,BELOW,158,566,100,3080.0,4.00,261.40,150.00,Thursday,February
2024.02.02,09:42,16:48,SHORT,17517.50,17617.50,17217.50,-10004.0,-1.00,9520.0,11700.0,ABOVE,158,426,100,2680.0,5.59,381.20,290.00,Friday,February
2024.02.05,09:52,20:30,SHORT,17599.40,17699.40,17299.40,-3700.0,-0.37,6480.0,11530.0,ABOVE,237,638,100,3300.0,5.51,21.00,1020.00,Monday,February
2024.02.06,09:48,20:30,SHORT,17657.30,17757.30,17357.30,9770.0,0.98,2530.0,16740.0,ABOVE,177,642,100,2020.0,5.11,189.90,260.00,Tuesday,February
2024.02.07,09:54,20:30,LONG,17601.50,17501.50,17901.50,17970.0,1.80,2150.0,18910.0,ABOVE,84,636,100,2580.0,4.34,206.70,170.00,Wednesday,February
2024.02.13,09:34,19:53,SHORT,17819.40,17919.40,17519.40,30001.0,3.00,130.0,28250.0,ABOVE,274,619,100,2280.0,6.79,209.60,50.00,Tuesday,February
2024.02.14,09:38,20:30,LONG,17712.10,17612.10,18012.10,6180.0,0.62,7790.0,6680.0,ABOVE,184,652,100,2580.0,5.05,416.80,240.00,Wednesday,February
2024.02.15,09:48,20:30,SHORT,17818.68,17918.68,17518.68,-1145.0,-0.11,4550.0,9376.0,ABOVE,190,642,100,3063.0,5.12,217.40,562.00,Thursday,February
2024.02.16,10:10,13:33,LONG,17953.75,17853.75,18253.75,-10006.0,-1.00,7726.0,517.0,ABOVE,112,203,100,2457.0,3.82,182.95,133.00,Friday,February
2024.02.20,09:32,20:30,SHORT,17603.93,17703.93,17303.93,7485.0,0.75,4887.0,20612.0,BELOW,247,658,100,4850.0,10.22,68.62,237.00,Tuesday,February
2024.02.21,10:18,17:13,LONG,17481.52,17381.52,17781.52,-10000.0,-1.00,8833.0,1172.0,BELOW,164,415,100,2242.0,4.83,294.11,290.00,Wednesday,February
2024.02.23,11:22,20:30,LONG,17981.81,17881.81,18281.81,-5800.0,-0.58,8354.0,10665.0,ABOVE,137,548,100,2949.0,4.34,385.85,176.00,Friday,February
2024.02.26,09:36,20:30,LONG,17934.25,17834.25,18234.25,4068.0,0.41,100.0,8393.0,ABOVE,150,654,100,2575.0,4.90,28.87,375.00,Monday,February
2024.02.27,09:42,18:00,LONG,17974.92,17874.92,18274.92,-10003.0,-1.00,8445.0,2662.0,ABOVE,130,498,100,4875.0,4.37,136.92,200.00,Tuesday,February
2024.02.29,09:48,20:30,LONG,17833.72,17733.72,18133.72,17943.0,1.79,1075.0,19918.0,ABOVE,181,642,100,2163.0,6.60,170.37,162.00,Thursday,February
2024.03.01,10:14,15:15,SHORT,18059.21,18159.21,17759.21,-10011.0,-1.00,9367.0,5675.0,ABOVE,461,301,100,2775.0,6.46,282.18,2425.00,Friday,March
2024.03.05,09:50,20:30,SHORT,18105.63,18205.63,17805.63,28770.0,2.88,5250.0,28807.0,ABOVE,256,640,100,2237.0,6.39,156.89,363.00,Tuesday,March
2024.03.07,09:52,20:30,LONG,18053.28,17953.28,18353.28,22992.0,2.30,988.0,28317.0,ABOVE,242,638,100,9362.0,7.89,231.80,663.00,Thursday,March
2024.03.08,09:40,13:30,LONG,18317.34,18217.34,18617.34,-10028.0,-1.00,7763.0,675.0,ABOVE,374,230,100,2463.0,7.72,444.18,175.00,Friday,March
2024.03.13,10:46,13:45,LONG,18214.13,18114.13,18514.13,-10007.0,-1.00,9583.0,1837.0,ABOVE,223,179,100,2150.0,4.86,312.78,350.00,Wednesday,March
2024.03.15,09:32,13:25,LONG,18044.35,17944.35,18344.35,-10029.0,-1.00,7820.0,4500.0,BELOW,282,233,110,2090.0,6.89,267.00,250.00,Friday,March
2024.03.18,10:44,20:30,LONG,17974.45,17874.45,18274.45,3900.0,0.39,380.0,17590.0,BELOW,238,586,110,2710.0,4.76,40.30,280.00,Monday,March
2024.03.20,09:34,20:30,LONG,18046.25,17946.25,18346.25,26660.0,2.67,1930.0,26990.0,BELOW,137,656,110,2630.0,5.23,235.30,510.00,Wednesday,March
2024.03.22,09:50,20:30,SHORT,18360.25,18460.25,18060.25,1550.0,0.16,4710.0,8130.0,ABOVE,150,640,110,2730.0,4.66,155.00,100.00,Friday,March
2024.03.25,09:42,20:30,SHORT,18326.45,18426.45,18026.45,1590.0,0.16,3380.0,11010.0,ABOVE,187,648,110,2020.0,5.29,35.00,100.00,Monday,March
2024.03.26,09:38,19:29,LONG,18406.95,18306.95,18706.95,-10013.0,-1.00,9040.0,310.0,ABOVE,147,591,110,2220.0,4.60,185.60,250.00,Tuesday,March
2024.03.28,09:34,20:30,SHORT,18259.55,18359.55,17959.55,-10.0,0.00,7040.0,720.0,ABOVE,232,656,110,2850.0,4.48,192.80,250.00,Thursday,March
2024.04.03,09:52,14:14,SHORT,18083.65,18183.65,17783.65,-10012.0,-1.00,9190.0,3340.0,BELOW,187,262,110,2530.0,5.09,307.60,40.00,Wednesday,April
2024.04.09,09:48,14:36,LONG,18153.35,18053.35,18453.35,-10001.0,-1.00,8210.0,7530.0,BELOW,231,288,110,2700.0,4.93,136.90,340.00,Tuesday,April
2024.04.10,09:34,12:36,SHORT,18215.15,18315.15,17915.15,30004.0,3.00,2160.0,26730.0,ABOVE,170,182,110,2650.0,4.16,246.00,80.00,Wednesday,April
2024.04.11,10:08,12:38,SHORT,17977.05,18077.05,17677.05,-10005.0,-1.00,9640.0,2270.0,BELOW,274,150,110,2540.0,7.36,408.90,190.00,Thursday,April
2024.04.12,09:46,20:30,SHORT,18251.15,18351.15,17951.15,22570.0,2.26,1110.0,28830.0,ABOVE,284,644,110,3000.0,6.53,429.00,100.00,Friday,April
2024.04.15,09:34,17:28,SHORT,18107.65,18207.65,17807.65,30011.0,3.00,8640.0,27550.0,BELOW,273,474,110,3200.0,7.46,107.10,20.00,Monday,April
2024.04.16,09:52,18:07,SHORT,17686.65,17786.65,17386.65,-10013.0,-1.00,9290.0,3640.0,BELOW,254,495,110,3280.0,7.41,507.80,550.00,Tuesday,April
2024.04.17,09:52,14:22,LONG,17765.55,17665.55,18065.55,-10012.0,-1.00,8480.0,5010.0,BELOW,230,270,110,2900.0,6.31,194.20,350.00,Wednesday,April
2024.04.19,09:32,14:28,LONG,17299.75,17199.75,17599.75,-10013.0,-1.00,8460.0,10250.0,BELOW,279,296,110,3050.0,8.13,293.30,250.00,Friday,April
2024.04.22,09:42,14:26,LONG,17158.05,17058.05,17458.05,-10008.0,-1.00,8320.0,3610.0,BELOW,256,284,110,3180.0,6.34,76.30,160.00,Monday,April
2024.04.23,09:34,13:42,SHORT,17244.05,17344.05,16944.05,-10000.0,-1.00,8040.0,1130.0,BELOW,307,248,110,2460.0,7.44,298.90,400.00,Tuesday,April
2024.04.24,09:36,13:42,SHORT,17557.45,17657.45,17257.45,-10001.0,-1.00,9430.0,1420.0,BELOW,184,246,110,2250.0,5.64,427.40,0.00,Wednesday,April
2024.04.25,09:44,12:31,LONG,17395.25,17295.25,17695.25,-10001.0,-1.00,6280.0,140.0,BELOW,235,167,110,2470.0,5.34,350.60,640.00,Thursday,April
2024.04.26,09:46,20:30,LONG,17613.35,17513.35,17913.35,9760.0,0.98,5510.0,15910.0,ABOVE,291,644,110,2350.0,4.75,519.20,110.00,Friday,April
2024.04.29,09:56,20:30,SHORT,17761.45,17861.45,17461.45,-4560.0,-0.46,6660.0,6160.0,ABOVE,236,634,110,2300.0,4.76,37.50,480.00,Monday,April
2024.04.30,10:50,12:31,LONG,17782.35,17682.35,18082.35,-10009.0,-1.00,2190.0,80.0,ABOVE,213,101,110,2550.0,4.53,157.20,560.00,Tuesday,April
2024.05.01,09:34,18:04,SHORT,17314.95,17414.95,17014.95,-10007.0,-1.00,9340.0,1490.0,BELOW,319,510,110,5260.0,9.19,448.80,50.00,Wednesday,May
2024.05.03,10:04,20:30,LONG,17665.55,17565.55,17965.55,25260.0,2.53,2430.0,25960.0,ABOVE,128,626,110,2010.0,4.14,420.00,430.00,Friday,May
2024.05.09,10:00,20:30,LONG,18039.25,17939.25,18339.25,10150.0,1.02,1630.0,10350.0,ABOVE,98,630,110,2530.0,3.81,169.30,130.00,Thursday,May
2024.05.29,10:14,20:30,LONG,18779.85,18679.85,19079.85,-6020.0,-0.60,7200.0,4400.0,ABOVE,215,616,110,2870.0,5.31,160.70,240.00,Wednesday,May
2024.06.04,10:18,20:30,LONG,18527.85,18427.85,18827.85,13760.0,1.38,2280.0,17920.0,BELOW,348,612,110,5120.0,8.62,318.80,180.00,Tuesday,June
2024.06.05,09:50,20:30,LONG,18748.85,18648.85,19048.85,29880.0,2.99,1690.0,29850.0,ABOVE,155,640,110,2560.0,4.11,240.70,410.00,Wednesday,June
2024.06.10,10:08,20:30,LONG,18985.95,18885.95,19285.95,8310.0,0.83,3130.0,10890.0,ABOVE,231,622,110,3000.0,4.93,50.10,660.00,Monday,June
2024.06.13,09:32,20:30,SHORT,19595.45,19695.45,19295.45,-120.0,-0.01,6690.0,10590.0,ABOVE,229,658,110,2950.0,5.03,373.40,380.00,Thursday,June
2024.06.14,09:32,19:59,SHORT,19570.15,19670.15,19270.15,-10003.0,-1.00,8650.0,8160.0,ABOVE,343,627,110,2830.0,7.76,186.40,500.00,Friday,June
2024.06.18,10:12,20:30,SHORT,19956.55,20056.55,19656.55,1310.0,0.13,2110.0,9360.0,ABOVE,192,618,110,2780.0,4.81,367.70,170.00,Tuesday,June
2024.06.20,09:38,17:06,SHORT,20052.95,20152.95,19752.95,30019.0,3.00,2410.0,29390.0,ABOVE,262,448,110,2030.0,5.37,48.20,10.00,Thursday,June
2024.06.24,09:32,20:30,SHORT,19731.55,19831.55,19431.55,23990.0,2.40,1050.0,24240.0,ABOVE,138,658,110,2470.0,5.68,25.30,290.00,Monday,June
2024.06.25,10:00,20:30,LONG,19591.85,19491.85,19891.85,12470.0,1.25,4360.0,14040.0,BELOW,221,630,110,2490.0,6.31,301.60,160.00,Tuesday,June
2024.06.27,09:38,20:30,LONG,19737.25,19637.25,20037.25,9280.0,0.93,2110.0,13020.0,BELOW,192,652,110,2400.0,4.23,168.60,290.00,Thursday,June
2024.07.02,11:14,13:33,SHORT,19715.95,19815.95,19415.95,-10002.0,-1.00,7810.0,1610.0,BELOW,322,139,110,2880.0,5.75,266.10,1080.00,Tuesday,July
2024.07.12,10:50,13:52,SHORT,20226.75,20326.75,19926.75,-10008.0,-1.00,9410.0,590.0,BELOW,402,182,110,3030.0,5.32,603.80,380.00,Friday,July
2024.07.16,09:34,20:30,SHORT,20410.55,20510.55,20110.55,-1480.0,-0.15,9630.0,10520.0,ABOVE,169,656,110,2200.0,5.24,289.90,380.00,Tuesday,July
2024.07.18,09:32,15:33,SHORT,19925.15,20025.15,19625.15,30009.0,3.00,6770.0,27590.0,BELOW,361,361,110,3020.0,8.10,613.00,430.00,Thursday,July
2024.07.19,10:04,15:28,LONG,19708.35,19608.35,20008.35,-10005.0,-1.00,9280.0,7830.0,BELOW,407,324,110,5780.0,12.61,403.30,810.00,Friday,July
2024.07.22,09:36,20:30,LONG,19681.85,19581.85,19981.85,13290.0,1.33,1750.0,20580.0,BELOW,169,654,110,2590.0,5.49,113.40,340.00,Monday,July
2024.07.23,10:26,20:30,LONG,19826.55,19726.55,20126.55,-1840.0,-0.18,6090.0,10140.0,BELOW,259,604,110,5270.0,6.00,324.90,650.00,Tuesday,July
2024.07.24,11:06,15:17,SHORT,19546.75,19646.75,19246.75,30000.0,3.00,3720.0,29110.0,BELOW,356,251,110,4830.0,8.09,295.40,930.00,Wednesday,July
2024.07.25,09:46,15:15,SHORT,19013.15,19113.15,18713.15,-10002.0,-1.00,8930.0,26420.0,BELOW,347,329,110,7180.0,14.94,666.70,790.00,Thursday,July
2024.07.29,09:40,15:12,LONG,19130.85,19030.85,19430.85,-10003.0,-1.00,8750.0,10880.0,BELOW,226,332,110,2480.0,7.11,83.10,150.00,Monday,July
2024.07.30,09:32,16:22,SHORT,19100.05,19200.05,18800.05,30000.0,3.00,8510.0,29930.0,BELOW,294,410,110,3050.0,6.02,263.40,640.00,Tuesday,July
2024.07.31,09:34,18:33,LONG,19097.35,18997.35,19397.35,30005.0,3.00,2750.0,28550.0,BELOW,317,539,110,2180.0,8.96,590.00,270.00,Wednesday,July
2024.08.01,09:40,14:22,LONG,19469.95,19369.95,19769.95,-10006.0,-1.00,7700.0,6790.0,ABOVE,414,282,110,6580.0,11.03,674.20,1010.00,Thursday,August
2024.08.02,10:08,13:40,SHORT,18530.85,18630.85,18230.85,-10018.0,-1.00,8060.0,12470.0,BELOW,359,212,110,7500.0,13.51,872.10,720.00,Friday,August
2024.08.05,09:38,12:24,SHORT,17634.45,17734.45,17334.45,30033.0,3.00,7790.0,26940.0,BELOW,464,166,110,13370.0,33.60,171.50,1460.00,Monday,August
2024.08.06,09:36,10:30,SHORT,17941.75,18041.75,17641.75,-10037.0,-1.00,9090.0,2040.0,BELOW,425,54,110,11550.0,26.56,923.70,1150.00,Tuesday,August
2024.08.07,09:38,16:03,LONG,18343.65,18243.65,18643.65,-10018.0,-1.00,7670.0,10640.0,BELOW,347,385,110,6120.0,14.76,515.30,770.00,Wednesday,August
2024.08.08,09:46,12:30,SHORT,17836.45,17936.45,17536.45,-10350.0,-1.04,7180.0,1290.0,BELOW,393,164,110,4960.0,14.43,810.20,3610.00,Thursday,August
2024.08.09,09:34,20:30,SHORT,18522.75,18622.75,18222.75,960.0,0.10,4740.0,21420.0,BELOW,248,656,110,2950.0,10.33,793.40,50.00,Friday,August
2024.08.12,09:40,13:44,LONG,18572.85,18472.85,18872.85,-10012.0,-1.00,7380.0,2920.0,ABOVE,180,244,110,3020.0,7.12,140.80,330.00,Monday,August
2024.08.13,09:32,10:38,LONG,18672.05,18572.05,18972.05,-10007.0,-1.00,9710.0,140.0,ABOVE,296,66,110,2030.0,6.87,240.60,860.00,Tuesday,August
2024.08.16,09:54,20:30,SHORT,19528.45,19628.45,19228.45,540.0,0.05,3810.0,16160.0,ABOVE,244,636,110,2280.0,7.14,533.90,220.00,Friday,August
2024.08.19,09:32,20:30,LONG,19498.45,19398.45,19798.45,28510.0,2.85,4350.0,28770.0,ABOVE,272,658,110,3070.0,6.59,58.50,230.00,Monday,August
2024.08.20,10:12,20:30,SHORT,19795.15,19895.15,19495.15,5070.0,0.51,4730.0,11920.0,ABOVE,182,618,110,2540.0,5.96,355.40,160.00,Tuesday,August
2024.08.23,09:38,16:42,LONG,19645.85,19545.85,19945.85,-10011.0,-1.00,6670.0,16840.0,ABOVE,137,424,110,2870.0,5.82,483.30,90.00,Friday,August
2024.08.26,10:34,14:38,SHORT,19753.55,19853.55,19453.55,30003.0,3.00,980.0,27550.0,ABOVE,303,244,110,2240.0,5.29,111.00,780.00,Monday,August
2024.08.27,10:08,20:30,SHORT,19553.05,19653.05,19253.05,-3420.0,-0.34,7830.0,16000.0,BELOW,220,622,110,2900.0,5.73,338.30,650.00,Tuesday,August
2024.08.29,09:42,18:43,LONG,19429.25,19329.25,19729.25,-10012.0,-1.00,6190.0,20520.0,BELOW,506,541,110,5550.0,11.56,547.00,1730.00,Thursday,August
2024.09.02,09:42,22:00,LONG,19548.75,19448.75,19848.75,5820.0,0.58,1040.0,7620.0,BELOW,142,738,110,2430.0,5.45,56.00,170.00,Monday,September
2024.09.04,09:42,20:30,LONG,18892.95,18792.95,19192.95,2430.0,0.24,8290.0,17600.0,BELOW,354,648,110,2980.0,7.94,732.20,490.00,Wednesday,September
2024.09.10,09:50,20:30,LONG,18623.25,18523.25,18923.25,18010.0,1.80,4350.0,22630.0,BELOW,239,640,110,6130.0,8.85,301.80,160.00,Tuesday,September
2024.09.11,09:54,14:14,LONG,18783.45,18683.45,19083.45,-10027.0,-1.00,4440.0,12040.0,BELOW,269,260,110,3290.0,6.73,293.30,260.00,Wednesday,September
2024.09.13,09:40,20:30,LONG,19457.25,19357.25,19757.25,5400.0,0.54,6290.0,10410.0,ABOVE,319,650,110,2120.0,4.80,296.20,400.00,Friday,September
2024.09.17,09:38,16:23,LONG,19530.65,19430.65,19830.65,-10003.0,-1.00,6850.0,7230.0,ABOVE,177,405,110,2550.0,4.06,251.90,210.00,Tuesday,September
2024.09.19,10:18,20:30,LONG,19759.25,19659.25,20059.25,8420.0,0.84,1150.0,21690.0,ABOVE,209,612,110,5700.0,5.96,332.00,260.00,Thursday,September
2024.09.20,09:34,20:30,SHORT,19794.55,19894.55,19494.55,1110.0,0.11,5740.0,14480.0,ABOVE,137,656,110,2310.0,6.40,524.60,50.00,Friday,September
2024.09.24,09:58,20:30,SHORT,19916.25,20016.25,19616.25,-6100.0,-0.61,8350.0,16370.0,ABOVE,227,632,110,3280.0,6.79,207.80,450.00,Tuesday,September
2024.09.25,09:34,20:30,LONG,19897.55,19797.55,20197.55,12920.0,1.29,380.0,16120.0,ABOVE,218,656,110,2250.0,6.41,260.90,340.00,Wednesday,September
2024.09.26,09:40,14:24,LONG,20271.45,20171.45,20571.45,-10000.0,-1.00,8570.0,5990.0,ABOVE,176,284,110,2250.0,5.30,221.80,360.00,Thursday,September
2024.10.01,09:52,13:33,LONG,20090.95,19990.95,20390.95,-10003.0,-1.00,3880.0,4220.0,ABOVE,145,221,110,2200.0,6.06,228.30,430.00,Tuesday,October
2024.10.03,10:34,20:30,LONG,19740.55,19640.55,20040.55,5370.0,0.54,4040.0,17900.0,BELOW,182,596,110,2660.0,6.15,255.10,580.00,Thursday,October
2024.10.04,09:32,20:30,LONG,19836.05,19736.05,20136.05,19040.0,1.90,890.0,22790.0,BELOW,276,658,110,2490.0,7.69,261.40,160.00,Friday,October
2024.10.07,11:58,18:46,LONG,19938.75,19838.75,20238.75,-10010.0,-1.00,7310.0,6340.0,BELOW,209,408,110,5550.0,6.04,51.10,150.00,Monday,October
2024.10.08,09:52,20:30,LONG,19908.45,19808.45,20208.45,20560.0,2.06,2520.0,23970.0,BELOW,305,638,110,6270.0,7.99,359.00,190.00,Tuesday,October
2024.10.09,09:52,20:30,LONG,20095.15,19995.15,20395.15,16290.0,1.63,2690.0,20700.0,ABOVE,164,638,110,2350.0,4.86,386.70,130.00,Wednesday,October
2024.10.11,10:20,20:30,LONG,20217.25,20117.25,20517.25,3669.0,0.37,6480.0,10540.0,ABOVE,163,610,110,2600.0,5.64,205.70,110.00,Friday,October
2024.10.14,09:46,20:30,LONG,20331.96,20231.96,20631.96,12418.0,1.24,352.0,18228.0,ABOVE,112,644,92,2250.0,3.87,42.70,202.00,Monday,October
2024.10.15,10:02,14:30,LONG,20440.36,20340.36,20740.36,-10003.0,-1.00,7882.0,6068.0,ABOVE,293,268,92,2010.0,5.69,295.80,612.00,Tuesday,October
2024.10.17,09:32,13:07,SHORT,20329.74,20429.74,20029.74,-10017.0,-1.00,9732.0,328.0,ABOVE,184,215,92,2420.0,6.73,190.80,410.00,Thursday,October
2024.10.22,09:54,14:06,SHORT,20247.54,20347.54,19947.54,-10023.0,-1.00,8822.0,1588.0,BELOW,305,252,92,5020.0,8.74,210.00,300.00,Tuesday,October
2024.10.23,10:04,17:15,SHORT,20338.64,20438.64,20038.64,30008.0,3.00,2492.0,28128.0,ABOVE,258,431,92,3160.0,5.48,241.40,390.00,Wednesday,October
2024.10.24,10:18,15:47,LONG,20256.26,20156.26,20556.26,-10003.0,-1.00,8232.0,3778.0,BELOW,197,329,72,2040.0,5.74,463.10,122.00,Thursday,October
2024.10.25,11:04,13:30,SHORT,20287.94,20387.94,19987.94,-10003.0,-1.00,9502.0,0.0,BELOW,257,146,82,2630.0,4.39,164.70,560.00,Friday,October
2024.10.28,09:32,20:30,SHORT,20524.34,20624.34,20224.34,12678.0,1.27,3572.0,15108.0,ABOVE,261,658,92,2630.0,5.88,96.90,50.00,Monday,October
2024.11.01,10:54,20:30,LONG,20009.06,19909.06,20309.06,5288.0,0.53,4662.0,16838.0,BELOW,171,576,62,2330.0,5.06,453.60,382.00,Friday,November
2024.11.04,09:34,20:30,SHORT,20038.44,20138.44,19738.44,1828.0,0.18,8672.0,12018.0,BELOW,352,656,92,2130.0,9.57,87.10,900.00,Monday,November
2024.11.05,10:10,14:38,SHORT,20037.94,20137.94,19737.94,-10005.0,-1.00,9422.0,2138.0,BELOW,150,268,92,3050.0,5.24,234.90,220.00,Tuesday,November
2024.11.11,10:54,20:30,SHORT,21189.24,21289.24,20889.24,8058.0,0.81,6122.0,17088.0,ABOVE,175,576,92,2950.0,4.52,48.70,280.00,Monday,November
2024.11.14,09:54,20:30,SHORT,21077.64,21177.64,20777.64,13118.0,1.31,2532.0,15538.0,ABOVE,307,636,92,3140.0,7.41,209.80,340.00,Thursday,November
2024.11.15,11:06,14:32,LONG,20767.96,20667.96,21067.96,-10001.0,-1.00,9332.0,1788.0,BELOW,268,206,92,2870.0,5.31,253.10,822.00,Friday,November
2024.11.18,09:36,15:31,SHORT,20502.34,20602.34,20202.34,-10004.0,-1.00,8182.0,8808.0,BELOW,418,355,82,6480.0,11.59,91.80,-10.00,Monday,November
2024.11.19,09:32,12:07,SHORT,20441.44,20541.44,20141.44,-10010.0,-1.00,9202.0,0.0,BELOW,988,155,92,13730.0,18.99,242.20,270.00,Tuesday,November
2024.11.21,10:38,15:07,LONG,20618.05,20518.05,20918.05,-10000.0,-1.00,6860.0,21940.0,BELOW,330,269,70,8000.0,9.76,365.50,690.00,Thursday,November
2024.11.22,09:34,13:07,SHORT,20642.75,20742.75,20342.75,-10014.0,-1.00,9620.0,180.0,BELOW,911,213,70,10100.0,18.84,391.40,120.00,Friday,November
2024.11.25,09:44,17:12,LONG,20888.80,20788.80,21188.80,-10001.0,-1.00,9350.0,10250.0,ABOVE,128,448,100,2050.0,4.61,24.63,312.00,Monday,November
2024.11.26,10:04,20:30,LONG,20830.59,20730.59,21130.59,4955.0,0.50,4115.0,11068.0,ABOVE,269,626,100,3263.0,7.20,295.74,840.00,Tuesday,November
2024.12.04,10:46,20:30,LONG,21353.56,21253.56,21653.56,11484.0,1.15,1659.0,11806.0,ABOVE,126,584,100,2619.0,4.31,202.22,448.00,Wednesday,December
2024.12.06,10:10,14:45,SHORT,21419.60,21519.60,21119.60,-10004.0,-1.00,8388.0,1562.0,ABOVE,137,275,100,2487.0,3.61,139.21,113.00,Friday,December
2024.12.09,09:34,20:30,SHORT,21603.78,21703.78,21303.78,19795.0,1.98,175.0,20454.0,ABOVE,222,656,100,5087.0,7.49,43.38,500.00,Monday,December
2024.12.11,11:16,16:28,LONG,21417.30,21317.30,21717.30,30000.0,3.00,2419.0,29581.0,ABOVE,101,312,100,2611.0,3.25,253.10,110.00,Wednesday,December
2024.12.13,09:48,16:01,LONG,21756.93,21656.93,22056.93,-10002.0,-1.00,9069.0,12112.0,ABOVE,158,373,100,2200.0,5.96,163.62,288.00,Friday,December
2024.12.16,09:36,19:17,LONG,21819.03,21719.03,22119.03,30003.0,3.00,188.0,29733.0,ABOVE,199,581,100,2675.0,5.37,37.87,350.00,Monday,December
2024.12.18,09:36,14:34,LONG,22024.17,21924.17,22324.17,-10004.0,-1.00,9652.0,4288.0,ABOVE,191,298,100,2447.0,6.91,217.45,392.00,Wednesday,December
2024.12.19,10:18,15:31,LONG,21307.41,21207.41,21607.41,-10001.0,-1.00,8852.0,8456.0,BELOW,268,313,100,5990.0,7.97,1049.61,536.00,Thursday,December
2024.12.20,09:42,13:58,SHORT,20861.65,20961.65,20561.65,-10016.0,-1.00,9350.0,11237.0,BELOW,392,256,100,6475.0,13.26,329.06,125.00,Friday,December
2024.12.26,09:54,16:40,SHORT,21687.03,21787.03,21387.03,-10005.0,-1.00,9778.0,4900.0,ABOVE,412,406,100,5150.0,12.01,32.88,550.00,Thursday,December
2024.12.27,09:38,14:31,LONG,21692.90,21592.90,21992.90,-10002.0,-1.00,7887.0,3063.0,ABOVE,221,293,100,2237.0,6.11,233.63,150.00,Friday,December
2024.12.31,09:42,14:38,LONG,21285.30,21185.30,21585.30,-10002.0,-1.00,9161.0,1785.0,BELOW,370,296,100,11739.0,10.31,463.37,578.00,Tuesday,December
2025.01.02,11:42,14:33,LONG,21202.03,21102.03,21502.03,-10000.0,-1.00,5850.0,7700.0,BELOW,235,171,100,5587.0,7.71,75.50,113.00,Thursday,January
2025.01.03,11:08,14:31,SHORT,21031.90,21131.90,20731.90,-10000.0,-1.00,7188.0,1262.0,BELOW,230,203,100,5912.0,7.03,494.43,388.00,Friday,January
2025.01.07,09:46,15:39,SHORT,21556.60,21656.60,21256.60,30005.0,3.00,5130.0,24281.0,ABOVE,299,353,100,2762.0,7.25,418.55,217.00,Tuesday,January
2025.01.08,10:02,11:31,LONG,21251.96,21151.96,21551.96,-10018.0,-1.00,5256.0,991.0,BELOW,295,89,100,2721.0,6.69,520.52,321.00,Wednesday,January
2025.01.09,09:38,23:00,LONG,21125.45,21025.45,21425.45,520.0,0.05,3042.0,2845.0,BELOW,341,802,100,2354.0,8.58,277.70,318.00,Thursday,January
2025.01.15,09:38,13:33,LONG,20790.62,20690.62,21090.62,30008.0,3.00,1479.0,24137.0,BELOW,147,235,100,2247.0,5.56,359.12,350.00,Wednesday,January
2025.01.16,09:32,20:30,SHORT,21312.53,21412.53,21012.53,13947.0,1.39,3595.0,19697.0,ABOVE,439,658,100,5687.0,11.01,535.97,1077.00,Thursday,January
2025.01.17,11:32,14:28,LONG,21210.40,21110.40,21510.40,30000.0,3.00,5137.0,29638.0,ABOVE,256,176,100,4775.0,5.74,384.41,287.00,Friday,January
2025.01.20,10:54,23:00,LONG,21480.03,21380.03,21780.03,5975.0,0.60,7213.0,13912.0,ABOVE,181,726,100,2237.0,4.59,90.50,188.00,Monday,January
2025.01.22,09:32,20:30,LONG,21755.96,21655.96,22055.96,10853.0,1.09,3482.0,18211.0,ABOVE,286,658,100,2188.0,6.45,445.75,714.00,Wednesday,January
2025.01.27,09:32,10:50,SHORT,21050.40,21150.40,20750.40,30000.0,3.00,4413.0,27187.0,BELOW,1005,78,100,7737.0,18.75,136.38,288.00,Monday,January
2025.01.29,09:54,13:22,LONG,21553.87,21453.87,21853.87,-10001.0,-1.00,9561.0,1039.0,ABOVE,256,208,100,4765.0,8.26,466.55,158.00,Wednesday,January
2025.02.03,10:04,11:03,SHORT,21049.78,21149.78,20749.78,-10007.0,-1.00,8037.0,0.0,BELOW,396,59,100,5938.0,15.13,251.75,287.00,Monday,February
2025.02.05,09:34,14:28,SHORT,21351.15,21451.15,21051.15,-10003.0,-1.00,8960.0,1495.0,BELOW,462,294,100,4748.0,9.98,449.07,115.00,Wednesday,February
2025.02.07,09:44,15:03,LONG,21766.53,21666.53,22066.53,-10005.0,-1.00,4400.0,9425.0,ABOVE,253,319,100,2575.0,6.56,176.60,163.00,Friday,February
2025.02.10,10:06,20:30,LONG,21619.03,21519.03,21919.03,14774.0,1.48,800.0,17075.0,ABOVE,186,624,100,2900.0,5.13,153.50,200.00,Monday,February
2025.02.13,09:42,20:30,LONG,21744.78,21644.78,22044.78,25047.0,2.50,3863.0,25478.0,ABOVE,244,648,100,7787.0,7.12,391.80,113.00,Thursday,February
2025.02.18,09:46,20:30,SHORT,22194.53,22294.53,21894.53,10272.0,1.03,4125.0,15626.0,ABOVE,243,644,100,2725.0,4.93,88.25,275.00,Tuesday,February
2025.02.19,09:54,20:30,SHORT,22172.53,22272.53,21872.53,2933.0,0.29,4791.0,11988.0,ABOVE,155,636,100,2150.0,3.66,211.33,37.00,Wednesday,February
2025.02.21,09:34,15:00,LONG,22096.65,21996.65,22396.65,-10010.0,-1.00,7137.0,7625.0,ABOVE,209,326,100,2113.0,5.67,278.12,262.00,Friday,February
2025.02.25,10:52,12:26,SHORT,21234.03,21334.03,20934.03,-10009.0,-1.00,9500.0,63.0,BELOW,494,94,100,7975.0,9.68,443.38,562.00,Tuesday,February
2025.03.03,09:34,14:55,LONG,20942.03,20842.03,21242.03,-10004.0,-1.00,5900.0,11200.0,BELOW,352,321,100,5175.0,11.63,86.38,500.00,Monday,March
2025.03.04,09:42,15:00,SHORT,20451.28,20551.28,20151.28,30002.0,3.00,3925.0,26025.0,BELOW,512,318,100,5850.0,13.60,802.75,1362.00,Tuesday,March
2025.03.05,09:34,11:53,LONG,20562.90,20462.90,20862.90,-10014.0,-1.00,7525.0,1963.0,BELOW,446,139,100,8188.0,12.38,659.43,162.00,Wednesday,March
2025.03.06,10:02,15:22,SHORT,20342.78,20442.78,20042.78,-10002.0,-1.00,8900.0,12038.0,BELOW,982,320,100,9475.0,18.13,507.54,1237.00,Thursday,March
2025.03.07,10:10,13:31,SHORT,20122.28,20222.28,19822.28,-10001.0,-1.00,4100.0,6863.0,BELOW,430,201,100,6887.0,9.34,643.94,50.00,Friday,March
2025.03.10,09:34,11:56,LONG,19998.78,19898.78,20298.78,-10020.0,-1.00,9263.0,2412.0,BELOW,506,142,100,7400.0,13.64,179.38,175.00,Monday,March
2025.03.11,10:02,17:27,SHORT,19487.15,19587.15,19187.15,30002.0,3.00,7375.0,29112.0,BELOW,647,445,100,4925.0,12.86,922.87,1425.00,Tuesday,March
2025.03.12,09:34,15:01,LONG,19535.90,19435.90,19835.90,-10004.0,-1.00,8787.0,20300.0,BELOW,459,327,100,3137.0,9.44,546.43,150.00,Wednesday,March
2025.03.13,09:38,13:45,LONG,19545.40,19445.40,19845.40,-10001.0,-1.00,7787.0,6438.0,BELOW,443,247,100,9737.0,11.80,398.88,500.00,Thursday,March
2025.03.14,10:14,12:29,SHORT,19410.78,19510.78,19110.78,-10006.0,-1.00,8862.0,2200.0,BELOW,526,135,100,3188.0,8.61,524.30,462.00,Friday,March
2025.03.17,09:40,18:33,LONG,19619.65,19519.65,19919.65,30000.0,3.00,912.0,29268.0,BELOW,378,533,100,2500.0,8.53,128.00,100.00,Monday,March
2025.03.18,09:36,13:44,SHORT,19796.35,19896.35,19496.35,30004.0,3.00,150.0,23425.0,ABOVE,407,248,100,2387.0,6.91,399.88,38.00,Tuesday,March
2025.03.20,09:34,14:26,SHORT,19768.60,19868.60,19468.60,-10002.0,-1.00,8226.0,22037.0,ABOVE,539,292,100,5900.0,10.09,476.99,1775.00,Thursday,March
2025.03.24,09:32,13:39,SHORT,19988.78,20088.78,19688.78,-10002.0,-1.00,9412.0,763.0,ABOVE,278,247,100,2562.0,6.17,57.75,375.00,Monday,March
2025.03.25,09:36,20:30,LONG,20125.78,20025.78,20425.78,18386.0,1.84,638.0,18020.0,ABOVE,227,654,100,2800.0,6.92,311.96,338.00,Tuesday,March
2025.03.26,09:56,16:57,SHORT,20236.65,20336.65,19936.65,30002.0,3.00,5250.0,28539.0,ABOVE,450,421,100,2275.0,6.48,239.37,638.00,Wednesday,March
2025.03.27,09:52,13:25,LONG,19930.93,19830.93,20230.93,-10000.0,-1.00,9125.0,862.0,ABOVE,398,213,100,2863.0,7.99,526.85,425.00,Thursday,March
2025.03.28,09:36,14:00,LONG,19736.15,19636.15,20036.15,-10006.0,-1.00,7737.0,3938.0,BELOW,337,264,100,2050.0,6.95,259.38,337.00,Friday,March
2025.03.31,11:26,15:53,SHORT,18981.40,19081.40,18681.40,-10002.0,-1.00,9116.0,17450.0,BELOW,480,267,100,6338.0,12.84,110.25,300.00,Monday,March
2025.04.01,09:34,10:27,LONG,19326.03,19226.03,19626.03,-10004.0,-1.00,8688.0,550.0,BELOW,394,53,100,2987.0,9.09,515.85,1138.00,Tuesday,April
2025.04.03,09:46,15:07,SHORT,18875.95,18975.95,18575.95,30004.0,3.00,1338.0,28423.0,BELOW,537,321,100,10288.0,16.35,1214.21,2775.00,Thursday,April
2025.04.04,09:32,10:22,SHORT,18371.40,18471.40,18071.40,30010.0,3.00,6088.0,29387.0,BELOW,1068,50,100,5700.0,17.86,574.68,1188.00,Friday,April
2025.04.07,09:40,10:38,LONG,16764.53,16664.53,17064.53,30011.0,3.00,4713.0,29462.0,BELOW,608,58,100,14475.0,35.14,385.63,1625.00,Monday,April
2025.04.08,09:56,11:18,SHORT,17609.13,17709.13,17309.13,-10003.0,-1.00,8350.0,3950.0,BELOW,611,82,100,7788.0,19.01,1880.50,787.00,Tuesday,April
2025.04.09,09:44,11:00,SHORT,17152.13,17252.13,16852.13,30013.0,3.00,7862.0,14575.0,BELOW,366,76,100,11400.0,29.11,1473.50,75.00,Wednesday,April
2025.04.10,09:36,12:41,LONG,18720.63,18620.63,19020.63,-10003.0,-1.00,5975.0,11662.0,ABOVE,629,185,100,11675.0,25.38,2627.00,413.00,Thursday,April
2025.04.11,09:34,13:13,LONG,18326.38,18226.38,18626.38,-10012.0,-1.00,3088.0,21912.0,ABOVE,848,219,100,10275.0,33.60,1398.96,275.00,Friday,April
2025.04.14,09:36,11:13,SHORT,18917.50,19017.50,18617.50,-10000.0,-1.00,9363.0,2287.0,ABOVE,416,97,100,7863.0,12.63,193.50,1100.00,Monday,April
2025.04.15,09:32,11:45,LONG,18883.38,18783.38,19183.38,-10005.0,-1.00,8988.0,0.0,ABOVE,490,133,100,5037.0,12.84,513.06,163.00,Tuesday,April
2025.04.16,10:00,17:47,SHORT,18544.50,18644.50,18244.50,30005.0,3.00,4988.0,28183.0,ABOVE,611,467,100,7137.0,15.03,447.25,1313.00,Wednesday,April
2025.04.17,10:44,12:03,SHORT,18395.30,18495.30,18095.30,-10008.0,-1.00,2300.0,5025.0,ABOVE,521,79,100,6725.0,11.18,736.77,863.00,Thursday,April
2025.04.23,09:32,10:55,SHORT,18715.88,18815.88,18415.88,-10023.0,-1.00,8787.0,788.0,ABOVE,270,83,100,2012.0,8.44,851.37,175.00,Wednesday,April
2025.04.24,09:32,13:45,LONG,18553.75,18453.75,18853.75,30002.0,3.00,1262.0,29013.0,ABOVE,325,253,100,2963.0,8.05,535.05,662.00,Thursday,April
2025.04.25,10:22,16:27,SHORT,19219.25,19319.25,18919.25,-10001.0,-1.00,9787.0,10275.0,ABOVE,1657,365,100,5862.0,19.87,840.88,1488.00,Friday,April
2025.05.01,09:32,13:39,LONG,19904.60,19804.60,20204.60,-10001.0,-1.00,8275.0,2250.0,ABOVE,353,247,100,2400.0,9.42,832.10,738.00,Thursday,May
2025.05.02,09:42,16:01,LONG,19824.25,19724.25,20124.25,30002.0,3.00,775.0,27560.0,ABOVE,340,379,100,4838.0,8.69,367.02,262.00,Friday,May
2025.05.08,09:40,12:37,LONG,20166.88,20066.88,20466.88,-10002.0,-1.00,5938.0,775.0,ABOVE,268,177,100,3275.0,7.01,423.24,275.00,Thursday,May
2025.05.09,09:44,14:36,LONG,20114.00,20014.00,20414.00,-10004.0,-1.00,8591.0,7838.0,ABOVE,166,292,100,2088.0,6.88,405.91,162.00,Friday,May
2025.05.13,09:32,14:07,LONG,20780.38,20680.38,21080.38,30000.0,3.00,225.0,28200.0,ABOVE,216,275,100,3125.0,6.63,547.25,213.00,Tuesday,May
2025.05.14,10:34,20:30,LONG,21215.00,21115.00,21515.00,10684.0,1.07,877.0,12088.0,ABOVE,251,596,100,5150.0,6.70,523.33,362.00,Wednesday,May
2025.05.15,09:32,20:30,LONG,21163.38,21063.38,21463.38,15677.0,1.57,1738.0,27552.0,ABOVE,343,658,100,5125.0,10.67,179.51,225.00,Thursday,May
2025.05.19,09:32,15:40,LONG,21092.75,20992.75,21392.75,30001.0,3.00,3462.0,28113.0,ABOVE,307,368,100,5100.0,7.79,118.88,362.00,Monday,May
2025.05.22,09:32,11:58,LONG,21136.35,21036.35,21436.35,-10005.0,-1.00,7487.0,3313.0,BELOW,179,146,100,2587.0,6.38,483.39,150.00,Thursday,May
2025.05.23,11:20,11:59,SHORT,21053.78,21153.78,20753.78,30017.0,3.00,100.0,28675.0,BELOW,630,39,100,7237.0,12.70,297.95,650.00,Friday,May
2025.05.28,10:02,20:00,LONG,21378.75,21278.75,21678.75,-10002.0,-1.00,6414.0,12188.0,ABOVE,304,598,100,2275.0,6.08,342.30,312.00,Wednesday,May
2025.06.03,09:38,17:21,LONG,21417.38,21317.38,21717.38,30000.0,3.00,1663.0,28985.0,ABOVE,191,463,100,2487.0,8.69,415.02,188.00,Tuesday,June
2025.06.05,10:10,13:48,LONG,21757.88,21657.88,22057.88,-10004.0,-1.00,9050.0,6112.0,ABOVE,202,218,100,2688.0,8.37,159.37,450.00,Thursday,June
2025.06.06,09:36,20:30,LONG,21652.50,21552.50,21952.50,12638.0,1.26,4200.0,18183.0,ABOVE,194,654,100,3237.0,6.16,454.54,225.00,Friday,June
2025.06.09,10:54,14:31,SHORT,21741.88,21841.88,21441.88,-10005.0,-1.00,9526.0,1050.0,ABOVE,190,217,100,2062.0,4.23,87.75,125.00,Monday,June
2025.06.12,09:32,20:30,LONG,21799.38,21699.38,22099.38,9175.0,0.92,8163.0,14593.0,ABOVE,460,658,100,2650.0,8.26,312.08,250.00,Thursday,June
2025.06.13,10:58,20:30,LONG,21631.88,21531.88,21931.88,591.0,0.06,3513.0,20045.0,BELOW,485,572,100,6650.0,9.23,260.78,338.00,Friday,June
2025.06.16,09:50,12:22,SHORT,21725.00,21825.00,21425.00,-10004.0,-1.00,8738.0,0.0,BELOW,231,152,100,4725.0,6.61,164.25,75.00,Monday,June
2025.06.17,10:38,14:12,SHORT,21784.18,21884.18,21484.18,-10000.0,-1.00,9592.0,1813.0,ABOVE,374,214,100,6225.0,6.83,336.75,87.00,Tuesday,June
2025.06.19,10:10,22:00,SHORT,21596.12,21696.12,21296.12,6362.0,0.64,3301.0,15362.0,BELOW,173,710,100,2526.0,6.18,212.23,50.00,Thursday,June
2025.06.23,10:02,14:06,SHORT,21665.10,21765.10,21365.10,-10000.0,-1.00,9250.0,10275.0,BELOW,926,244,100,5250.0,6.09,122.24,25.00,Monday,June
2025.06.25,09:46,13:30,SHORT,22205.63,22305.63,21905.63,-10005.0,-1.00,8350.0,1100.0,ABOVE,128,224,100,2587.0,5.30,246.82,75.00,Wednesday,June
2025.06.27,10:14,20:30,SHORT,22508.63,22608.63,22208.63,-1012.0,-0.10,9404.0,12591.0,ABOVE,213,616,100,2062.0,5.59,251.87,375.00,Friday,June
2025.07.01,09:48,20:30,SHORT,22607.00,22707.00,22307.00,13340.0,1.33,2900.0,20829.0,ABOVE,436,642,100,2825.0,5.47,153.20,300.00,Tuesday,July
2025.07.03,10:02,13:30,SHORT,22641.50,22741.50,22341.50,-10001.0,-1.00,8875.0,1100.0,ABOVE,378,208,100,2462.0,6.30,278.87,238.00,Thursday,July
2025.07.08,09:52,20:30,SHORT,22725.88,22825.88,22425.88,1508.0,0.15,3737.0,7612.0,ABOVE,437,638,100,2462.0,5.71,218.24,850.00,Tuesday,July
2025.07.11,09:56,14:14,SHORT,22700.13,22800.13,22400.13,-10003.0,-1.00,9362.0,2250.0,BELOW,488,258,100,2887.0,8.11,188.63,300.00,Friday,July
2025.07.15,09:38,19:57,LONG,23000.08,22900.08,23300.08,-10000.0,-1.00,9086.0,3962.0,ABOVE,285,619,100,2250.0,4.20,260.14,400.00,Tuesday,July
2025.07.16,10:38,15:21,LONG,22838.88,22738.88,23138.88,-10004.0,-1.00,6781.0,7037.0,ABOVE,300,283,100,2250.0,4.97,242.45,525.00,Wednesday,July
2025.07.17,10:50,14:49,SHORT,22926.73,23026.73,22626.73,-10004.0,-1.00,8812.0,1938.0,ABOVE,347,239,100,2275.0,5.22,261.00,825.00,Thursday,July
2025.07.23,11:04,20:02,SHORT,23107.00,23207.00,22807.00,-10027.0,-1.00,6437.0,10862.0,ABOVE,302,538,100,2262.0,3.98,257.25,200.00,Wednesday,July
2025.08.01,10:08,20:30,SHORT,22959.63,23059.63,22659.63,19295.0,1.93,7225.0,27313.0,BELOW,779,622,100,4737.0,11.62,595.40,475.00,Friday,August
2025.08.06,09:32,14:02,SHORT,23038.50,23138.50,22738.50,-10000.0,-1.00,7875.0,3662.0,BELOW,479,270,100,3200.0,7.45,352.63,38.00,Wednesday,August
2025.08.08,11:22,20:30,LONG,23479.82,23379.82,23779.82,16743.0,1.67,5612.0,16943.0,ABOVE,143,548,100,2625.0,4.74,340.03,300.00,Friday,August
2025.08.11,09:32,19:51,LONG,23621.63,23521.63,23921.63,-10000.0,-1.00,8797.0,7630.0,ABOVE,271,619,100,2413.0,4.54,62.63,400.00,Monday,August
2025.08.19,10:02,16:45,SHORT,23692.40,23792.40,23392.40,30006.0,3.00,1133.0,28764.0,ABOVE,785,403,70,2313.0,4.48,161.12,475.00,Tuesday,August
2025.08.20,09:50,13:44,LONG,23356.73,23256.73,23656.73,-10001.0,-1.00,9448.0,1080.0,BELOW,200,234,70,2700.0,4.76,386.75,245.00,Wednesday,August
2025.08.21,09:46,12:18,LONG,23247.73,23147.73,23547.73,-10001.0,-1.00,9348.0,80.0,BELOW,303,152,70,3175.0,5.09,415.65,495.00,Thursday,August
2025.08.22,10:02,14:08,LONG,23184.20,23084.20,23484.20,30000.0,3.00,2980.0,26955.0,BELOW,362,246,70,2075.0,6.04,248.65,395.00,Friday,August
2025.08.25,10:26,15:05,SHORT,23414.90,23514.90,23114.90,-10000.0,-1.00,9788.0,3542.0,BELOW,293,279,70,2603.0,3.55,44.00,260.00,Monday,August
2025.08.26,09:36,20:30,LONG,23414.73,23314.73,23714.73,12367.0,1.24,3658.0,12623.0,BELOW,272,654,70,2650.0,4.48,172.76,108.00,Tuesday,August
2025.09.02,09:50,20:30,SHORT,23253.65,23353.65,22953.65,-7439.0,-0.74,8496.0,27011.0,BELOW,419,640,70,3175.0,7.61,181.40,150.00,Tuesday,September
2025.09.03,09:38,18:24,LONG,23390.98,23290.98,23690.98,-10000.0,-1.00,9482.0,8765.0,BELOW,351,526,70,3100.0,5.82,458.75,358.00,Wednesday,September
2025.09.18,10:32,14:31,SHORT,24452.53,24552.53,24152.53,-10000.0,-1.00,8445.0,8918.0,ABOVE,313,239,70,2387.0,4.74,343.96,575.00,Thursday,September
2025.09.19,09:34,20:30,LONG,24483.98,24383.98,24783.98,13480.0,1.35,2633.0,14392.0,ABOVE,312,656,70,2062.0,4.57,254.15,683.00,Friday,September
2025.09.22,10:12,20:30,LONG,24545.35,24445.35,24845.35,19864.0,1.99,2695.0,23378.0,ABOVE,288,618,70,3163.0,4.88,39.35,257.00,Monday,September
2025.09.25,09:42,20:30,SHORT,24474.05,24574.05,24174.05,8437.0,0.84,183.0,28080.0,ABOVE,381,648,70,2450.0,6.01,284.20,225.00,Thursday,September
2025.10.01,11:16,20:30,LONG,24551.09,24451.09,24851.09,23276.0,2.33,3488.0,26392.0,BELOW,711,554,50,5287.0,7.65,189.34,560.00,Wednesday,October
2025.10.02,09:32,20:30,SHORT,24875.36,24975.36,24575.36,-2095.0,-0.21,8520.0,8815.0,ABOVE,666,658,50,2203.0,6.30,403.63,470.00,Thursday,October
2025.10.06,09:32,20:30,LONG,24920.02,24820.02,25220.02,5063.0,0.51,482.0,12120.0,ABOVE,772,658,60,2272.0,5.15,75.66,132.00,Monday,October
2025.10.07,09:40,15:06,LONG,24983.51,24883.51,25283.51,-10000.0,-1.00,7528.0,8316.0,ABOVE,672,326,60,2024.0,4.23,206.82,184.00,Tuesday,October
2025.10.08,10:12,13:48,SHORT,24862.23,24962.23,24562.23,-10001.0,-1.00,8929.0,1572.0,ABOVE,1546,216,60,2478.0,5.93,289.75,969.00,Wednesday,October
2025.10.09,09:34,14:31,LONG,25126.54,25026.54,25426.54,-10000.0,-1.00,7583.0,1015.0,ABOVE,762,297,60,3043.0,5.02,367.41,172.00,Thursday,October
2025.10.10,09:42,13:47,SHORT,25094.66,25194.66,24794.66,-10000.0,-1.00,9687.0,3490.0,ABOVE,1336,245,60,4846.0,7.39,219.22,231.00,Friday,October
2025.10.13,09:36,16:58,SHORT,24677.67,24777.67,24377.67,-10001.0,-1.00,9455.0,12230.0,BELOW,1288,442,60,2721.0,9.15,179.02,47.00,Monday,October
2025.10.14,09:34,15:05,SHORT,24476.67,24576.67,24176.67,-10002.0,-1.00,7656.0,21978.0,BELOW,1826,331,60,5103.0,13.66,237.53,350.00,Tuesday,October
2025.10.16,09:50,16:00,LONG,24865.30,24765.30,25165.30,-10002.0,-1.00,7259.0,13034.0,ABOVE,922,370,60,2657.0,9.85,451.05,364.00,Thursday,October
2025.10.17,10:58,13:55,LONG,24392.27,24292.27,24692.27,30001.0,3.00,60.0,27946.0,BELOW,2059,177,60,7643.0,20.63,535.95,154.00,Friday,October
2025.10.21,09:32,20:30,LONG,25124.26,25024.26,25424.26,-3456.0,-0.35,7253.0,4745.0,ABOVE,664,658,60,2371.0,6.21,396.80,300.00,Tuesday,October
2025.10.23,11:06,13:48,SHORT,24867.99,24967.99,24567.99,-10002.0,-1.00,9403.0,8274.0,ABOVE,352,162,60,6179.0,9.34,532.49,592.00,Thursday,October
2025.10.24,09:32,20:30,LONG,25235.86,25135.86,25535.86,12615.0,1.26,1871.0,17311.0,ABOVE,144,658,1,2865.0,4.57,370.36,201.00,Friday,October
2025.10.30,09:44,19:21,SHORT,26067.51,26167.51,25767.51,30005.0,3.00,7399.0,28750.0,ABOVE,351,577,1,7051.0,11.33,328.64,899.00,Thursday,October
2025.10.31,09:40,20:30,SHORT,26040.89,26140.89,25740.89,20599.0,2.06,8710.0,28545.0,ABOVE,259,650,1,2202.0,5.95,544.53,461.00,Friday,October
2025.11.03,09:32,15:26,LONG,26018.44,25918.44,26318.44,-10001.0,-1.00,8337.0,10086.0,ABOVE,331,354,1,6539.0,6.98,62.41,476.00,Monday,November
2025.11.04,09:46,14:51,SHORT,25586.02,25686.02,25286.02,-10038.0,-1.00,7288.0,6128.0,BELOW,379,305,1,6683.0,16.96,248.65,498.00,Tuesday,November
2025.11.05,09:32,14:47,SHORT,25369.36,25469.36,25069.36,-10015.0,-1.00,9540.0,8529.0,BELOW,312,315,1,5095.0,12.91,564.22,235.00,Wednesday,November
2025.11.06,09:32,14:31,LONG,25615.45,25515.45,25915.45,-10038.0,-1.00,6810.0,7741.0,BELOW,292,299,1,6760.0,7.57,593.80,149.00,Thursday,November
2025.11.07,09:32,14:37,SHORT,25146.13,25246.13,24846.13,30052.0,3.01,650.0,23598.0,BELOW,312,305,1,5578.0,12.46,622.61,472.00,Friday,November
2025.11.10,11:10,14:39,SHORT,25407.50,25507.50,25107.50,-10009.0,-1.00,8438.0,838.0,BELOW,204,209,1,5010.0,8.45,74.74,164.00,Monday,November
2025.11.11,09:36,20:30,SHORT,25517.86,25617.86,25217.86,-3690.0,-0.37,6729.0,13161.0,BELOW,276,654,1,3098.0,9.37,490.75,202.00,Tuesday,November
2025.11.13,09:38,15:48,SHORT,25423.12,25523.12,25123.12,30014.0,3.00,9202.0,29623.0,BELOW,347,370,1,13040.0,15.72,340.76,2050.00,Thursday,November
2025.11.14,09:32,13:43,SHORT,24858.74,24958.74,24558.74,30023.0,3.00,3314.0,28860.0,BELOW,377,251,1,6051.0,15.47,718.04,1487.00,Friday,November
2025.11.17,09:36,14:30,SHORT,25192.25,25292.25,24892.25,30015.0,3.00,903.0,28498.0,BELOW,316,294,1,6051.0,11.79,165.01,1749.00,Monday,November
2025.11.18,09:38,15:02,SHORT,24695.00,24795.00,24395.00,30001.0,3.00,6076.0,28136.0,BELOW,328,324,1,7826.0,17.11,627.39,126.00,Tuesday,November
2025.11.19,09:32,15:11,LONG,24562.87,24462.87,24862.87,30011.0,3.00,5200.0,28252.0,BELOW,289,339,1,6650.0,13.40,577.88,1011.00,Wednesday,November
2025.11.20,09:46,13:03,SHORT,24987.75,25087.75,24687.75,-10012.0,-1.00,9102.0,4250.0,BELOW,261,197,1,6953.0,13.68,662.87,249.00,Thursday,November
2025.11.21,09:40,12:45,SHORT,24014.25,24114.25,23714.25,-10039.0,-1.00,8665.0,18447.0,BELOW,364,185,1,10864.0,21.67,1286.25,1237.00,Friday,November
2025.12.02,10:08,20:30,LONG,25398.75,25298.75,25698.75,18050.0,1.81,3187.0,20900.0,ABOVE,165,622,1,3115.0,6.57,302.49,198.00,Tuesday,December
2025.12.05,09:40,15:02,SHORT,25663.77,25763.77,25363.77,-10007.0,-1.00,8300.0,12701.0,ABOVE,124,322,1,2362.0,5.65,243.02,23.00,Friday,December
2025.12.08,10:04,20:30,SHORT,25721.25,25821.25,25421.25,14997.0,1.50,7101.0,19149.0,ABOVE,173,626,1,2473.0,7.08,36.23,552.00,Monday,December
2025.12.10,10:08,19:54,SHORT,25669.77,25769.77,25369.77,-10002.0,-1.00,7386.0,15751.0,ABOVE,195,586,1,2751.0,8.34,175.36,98.00,Wednesday,December
2025.12.11,09:40,14:49,LONG,25566.76,25466.76,25866.76,-10014.0,-1.00,7138.0,9798.0,ABOVE,221,309,1,6451.0,10.52,336.49,350.00,Thursday,December
2025.12.12,09:34,15:58,SHORT,25551.25,25651.25,25251.25,30037.0,3.00,4803.0,26200.0,BELOW,284,384,1,7652.0,12.74,477.36,1349.00,Friday,December
2025.12.15,09:34,14:57,LONG,25307.77,25207.77,25607.77,-10006.0,-1.00,8152.0,8350.0,BELOW,172,323,1,4813.0,9.17,109.87,340.00,Monday,December
2025.12.22,09:36,20:30,LONG,25470.76,25370.76,25770.76,-2850.0,-0.29,7065.0,7450.0,ABOVE,153,654,1,3217.0,5.32,43.02,149.00,Monday,December
2025.12.23,09:32,13:39,LONG,25485.52,25385.52,25785.52,-10022.0,-1.00,8652.0,275.0,ABOVE,130,247,1,2951.0,5.40,163.90,476.00,Tuesday,December
2025.12.29,09:46,20:30,SHORT,25521.75,25621.75,25221.75,-1002.0,-0.10,6301.0,8124.0,ABOVE,127,644,1,2950.0,5.92,34.03,102.00,Monday,December
2025.12.30,10:52,20:30,SHORT,25509.27,25609.27,25209.27,2002.0,0.20,6863.0,4290.0,ABOVE,141,578,1,2152.0,4.69,244.49,497.00,Tuesday,December
2025.12.31,10:30,20:10,LONG,25372.77,25272.77,25672.77,-10015.0,-1.00,8252.0,12848.0,BELOW,85,580,1,2827.0,5.22,147.38,125.00,Wednesday,December
2026.01.06,09:50,20:30,LONG,25395.76,25295.76,25695.76,22149.0,2.21,1203.0,23198.0,BELOW,193,640,1,3002.0,6.55,271.38,49.00,Tuesday,January
2026.01.07,10:14,20:30,LONG,25569.75,25469.75,25869.75,10052.0,1.01,2900.0,23250.0,ABOVE,150,616,1,3149.0,4.32,318.77,149.00,Wednesday,January
2026.01.13,09:44,13:30,SHORT,25727.26,25827.26,25427.26,-10019.0,-1.00,2076.0,2500.0,ABOVE,183,226,1,2911.0,5.57,385.49,1037.00,Tuesday,January
2026.01.14,09:44,15:00,SHORT,25685.75,25785.75,25385.75,30013.0,3.00,203.0,26597.0,ABOVE,205,316,1,2361.0,5.83,241.73,300.00,Wednesday,January
2026.01.15,09:34,20:19,LONG,25650.27,25550.27,25950.27,-10034.0,-1.00,8165.0,13049.0,ABOVE,171,645,1,7474.0,10.12,504.03,401.00,Thursday,January
2026.01.16,10:28,14:59,LONG,25676.01,25576.01,25976.01,-10042.0,-1.00,9325.0,3150.0,ABOVE,97,271,1,3028.0,5.81,389.01,49.00,Friday,January
2026.01.19,09:38,16:15,SHORT,25117.73,25217.73,24817.73,-10002.0,-1.00,8953.0,3996.0,BELOW,388,397,1,9651.0,20.08,63.01,1953.00,Monday,January
2026.01.20,09:34,11:25,SHORT,24956.75,25056.75,24656.75,-10011.0,-1.00,9326.0,1448.0,BELOW,391,111,1,8852.0,19.93,232.50,1400.00,Tuesday,January
2026.01.26,09:32,14:32,SHORT,25524.27,25624.27,25224.27,-10004.0,-1.00,9411.0,7300.0,ABOVE,309,300,1,4701.0,9.86,144.77,2548.00,Monday,January
2026.01.27,09:58,15:10,SHORT,25834.51,25934.51,25534.51,-10003.0,-1.00,9689.0,5024.0,ABOVE,228,312,1,2399.0,5.96,384.37,125.00,Tuesday,January
2026.01.28,09:52,15:43,LONG,26152.27,26052.27,26452.27,-10002.0,-1.00,9001.0,3848.0,ABOVE,191,351,1,2853.0,8.06,271.53,200.00,Wednesday,January
2026.01.29,09:32,14:45,SHORT,26111.76,26211.76,25811.76,30013.0,3.00,2100.0,28338.0,ABOVE,241,313,1,2750.0,9.08,351.14,151.00,Thursday,January
2026.01.30,09:46,10:37,SHORT,25555.66,25655.66,25255.66,-10043.0,-1.00,7913.0,2964.0,BELOW,368,51,60,9763.0,18.56,743.18,566.00,Friday,January
2026.02.02,09:34,14:50,LONG,25340.09,25240.09,25640.09,30041.0,3.00,6435.0,28331.0,BELOW,344,316,70,10211.0,18.17,196.13,311.00,Monday,February
2026.02.03,10:36,14:57,SHORT,25837.74,25937.74,25537.74,30028.0,3.00,4421.0,25566.0,ABOVE,210,261,70,5089.0,7.04,798.15,263.00,Tuesday,February
2026.02.04,10:32,13:49,LONG,25340.57,25240.57,25640.57,-10027.0,-1.00,8718.0,3379.0,BELOW,307,197,70,8975.0,10.70,808.73,417.00,Wednesday,February
2026.02.05,09:32,11:33,LONG,24985.99,24885.99,25285.99,-10002.0,-1.00,8036.0,0.0,BELOW,376,121,70,9255.0,21.15,729.79,2194.00,Thursday,February
2026.02.06,09:32,16:35,LONG,24636.70,24536.70,24936.70,30020.0,3.00,2632.0,29122.0,BELOW,362,423,70,16374.0,22.13,867.26,1308.00,Friday,February
2026.02.12,09:48,15:57,SHORT,25254.86,25354.86,24954.86,30022.0,3.00,7821.0,29185.0,ABOVE,262,369,70,2251.0,6.94,405.24,400.00,Thursday,February
2026.02.13,11:00,14:48,SHORT,24645.39,24745.39,24345.39,-10027.0,-1.00,8468.0,13118.0,BELOW,319,228,70,7550.0,15.03,697.47,-50.00,Friday,February
2026.02.18,09:32,13:48,LONG,24858.08,24758.08,25158.08,-10012.0,-1.00,9819.0,2928.0,BELOW,190,256,70,2575.0,9.18,439.62,218.00,Wednesday,February
2026.02.20,10:04,15:01,SHORT,24865.89,24965.89,24565.89,-10172.0,-1.02,1395.0,22257.0,BELOW,266,297,70,5153.0,6.99,303.95,247.00,Friday,February
2026.02.23,09:42,12:28,LONG,24941.57,24841.57,25241.57,-10000.0,-1.00,9519.0,0.0,ABOVE,191,166,70,6889.0,9.16,120.51,381.00,Monday,February
2026.02.24,09:58,14:33,LONG,24794.57,24694.57,25094.57,-10035.0,-1.00,8368.0,3829.0,BELOW,162,275,70,5397.0,8.90,370.32,520.00,Tuesday,February
2026.02.25,10:38,20:30,LONG,25038.81,24938.81,25338.81,27498.0,2.75,2292.0,28363.0,ABOVE,194,592,70,3201.0,6.16,382.44,493.00,Wednesday,February
2026.02.27,09:38,20:30,SHORT,24999.38,25099.38,24699.38,7221.0,0.72,244.0,25194.0,ABOVE,276,652,70,4802.0,11.26,551.83,98.00,Friday,February
