Strategy,Magic,Date,TimeOpen,TimeClose,Direction,EntryPrice,StopLoss,TakeProfit,ResultPoints,ResultR,MAE_Points,MFE_Points,SMA200_Trend,Breakout_Volume,Duration_Minutes,Spread_Entry,OpeningRangeSize,ATR,YesterdayRange,DistanceBreakout,Dist_VWAP,Dist_London_H,Dist_London_L,Dist_Yesterday_H,Dist_Yesterday_L,Consec_Candles,DayOfWeek,Month
NY_Reversion,88201,2025.01.02,16:36,17:30,SHORT,21110.50,21170.50,20930.50,18002.0,3.00,4532.0,17998.0,BELOW,2644,54,100,7425.0,29.40,75.50,-8320.00,-483.0,-17565.0,14760.0,-115.0,7435.0,2,Thursday,January
NY_Reversion,88201,2025.01.03,16:34,18:30,SHORT,21246.37,21306.37,21066.37,-6002.0,-1.00,5999.0,776.0,BELOW,2236,116,100,7285.0,19.09,494.43,-8984.00,11673.9,-845.0,28347.0,-3978.0,45465.0,1,Friday,January
NY_Reversion,88201,2025.01.07,16:52,17:46,LONG,21279.42,21219.42,21459.42,-6006.0,-1.00,5999.0,1363.0,UNKNOWN,3477,54,100,7396.0,32.46,418.55,-11015.00,-15632.9,-42353.0,6342.0,-42353.0,-498.0,2,Tuesday,January
NY_Reversion,88201,2025.01.08,16:38,17:28,SHORT,21207.97,21267.97,21027.97,18005.0,3.00,2319.0,17997.0,UNKNOWN,2358,50,100,5252.0,20.27,520.52,-7568.00,5136.1,-40107.0,16935.0,-41063.0,10989.0,4,Wednesday,January
NY_Reversion,88201,2025.01.10,16:38,18:23,LONG,20742.38,20682.38,20922.38,18001.0,3.00,1744.0,17992.0,UNKNOWN,2969,105,100,4979.0,25.89,127.73,-6973.00,-17706.1,-45990.0,3221.0,-42376.0,-29603.0,3,Friday,January
NY_Reversion,88201,2025.01.14,16:42,17:35,LONG,20704.63,20644.63,20884.63,-6004.0,-1.00,5999.0,1369.0,UNKNOWN,3254,53,100,6531.0,24.97,391.90,-9151.00,-15032.4,-26506.0,15254.0,-21442.0,17748.0,3,Tuesday,January
NY_Reversion,88201,2025.01.15,16:32,23:00,LONG,21129.24,21069.24,21309.24,9003.0,1.50,4887.0,15442.0,UNKNOWN,3391,388,100,4634.0,23.35,359.12,-7122.00,4682.0,-10824.0,46602.0,15432.0,51344.0,2,Wednesday,January
NY_Reversion,88201,2025.01.16,16:36,18:36,LONG,21215.50,21155.50,21395.50,-6006.0,-1.00,5999.0,5197.0,UNKNOWN,3393,120,100,6535.0,24.98,535.97,-7913.00,-4727.4,-13620.0,13513.0,-6816.0,46781.0,2,Thursday,January
NY_Reversion,88201,2025.01.17,17:02,23:00,LONG,21422.16,21362.16,21602.16,1249.0,0.21,687.0,9274.0,UNKNOWN,2523,3238,100,5729.0,13.61,384.41,-6076.00,7600.0,-10774.0,26413.0,2328.0,40769.0,3,Friday,January
NY_Reversion,88201,2025.01.20,16:32,23:00,SHORT,21565.03,21625.03,21385.03,2425.0,0.40,1462.0,9513.0,UNKNOWN,841,388,100,2475.0,11.12,90.50,-2713.00,6646.9,-6175.0,23630.0,10363.0,19413.0,1,Monday,January
NY_Reversion,88201,2025.01.22,16:36,23:00,SHORT,21903.25,21963.25,21723.25,6819.0,1.14,4043.0,8471.0,UNKNOWN,1283,384,100,4986.0,11.50,445.75,-5057.00,9342.2,-48.0,52690.0,23285.0,67860.0,1,Wednesday,January
NY_Reversion,88201,2025.01.24,16:38,23:00,SHORT,21884.24,21944.24,21704.24,25146.0,4.19,1563.0,17657.0,UNKNOWN,1406,3262,100,2982.0,8.53,197.49,-3509.00,551.8,-5941.0,15942.0,-2090.0,17659.0,1,Friday,January
NY_Reversion,88201,2025.01.27,16:42,19:48,LONG,21066.68,21006.68,21246.68,-6001.0,-1.00,5995.0,8681.0,UNKNOWN,3642,186,100,9541.0,25.13,136.38,-9957.00,-6771.4,-87697.0,43715.0,-56510.0,-42872.0,2,Monday,January
NY_Reversion,88201,2025.01.28,17:00,17:11,SHORT,21348.26,21408.26,21168.26,-6002.0,-1.00,5997.0,98.0,UNKNOWN,2073,11,100,7955.0,25.39,906.00,-8358.00,12655.0,-870.0,31432.0,-18727.0,71873.0,4,Tuesday,January
NY_Reversion,88201,2025.01.30,16:44,16:56,SHORT,21435.44,21495.44,21255.44,-6001.0,-1.00,5996.0,1358.0,UNKNOWN,2168,12,100,13026.0,21.66,324.31,-13352.00,-3636.7,-19009.0,13352.0,-13740.0,18691.0,1,Thursday,January
NY_Reversion,88201,2025.01.31,16:40,18:20,LONG,21781.49,21721.49,21961.49,-6001.0,-1.00,5993.0,4261.0,UNKNOWN,2332,100,100,4638.0,15.46,323.61,-5633.00,5420.2,-6829.0,47957.0,15596.0,47957.0,1,Friday,January
NY_Reversion,88201,2025.02.03,16:58,23:00,LONG,21273.99,21213.99,21453.99,20881.0,3.48,4109.0,19361.0,UNKNOWN,3963,362,100,7641.0,29.46,251.75,-8522.00,13672.5,-57579.0,27484.0,19309.0,44484.0,3,Monday,February
NY_Reversion,88201,2025.02.05,16:32,16:50,SHORT,21520.70,21580.70,21340.70,-6001.0,-1.00,5998.0,913.0,UNKNOWN,2057,18,100,5822.0,17.34,449.07,-6121.00,7715.9,-6172.0,19578.0,-6340.0,38567.0,5,Wednesday,February
NY_Reversion,88201,2025.02.06,16:32,19:33,LONG,21693.32,21633.32,21873.32,-6001.0,-1.00,5994.0,4394.0,UNKNOWN,1592,181,100,1996.0,11.52,362.57,-1894.00,1239.4,-5367.0,29296.0,583.0,36840.0,1,Thursday,February
NY_Reversion,88201,2025.02.07,16:48,17:05,LONG,21553.94,21493.94,21733.94,-6005.0,-1.00,5998.0,2642.0,UNKNOWN,3742,17,100,10623.0,27.55,176.60,-10915.00,-13757.4,-31671.0,3059.0,-22368.0,-4708.0,3,Friday,February
NY_Reversion,88201,2025.02.10,16:34,23:00,LONG,21745.39,21685.39,21925.39,-1193.0,-0.20,2521.0,4248.0,UNKNOWN,1740,386,100,2937.0,12.14,153.50,-3176.00,5955.0,-12526.0,23003.0,18649.0,33999.0,3,Monday,February
NY_Reversion,88201,2025.02.11,16:52,17:04,LONG,21716.02,21656.02,21896.02,-6000.0,-1.00,5996.0,385.0,UNKNOWN,1477,12,100,2964.0,11.39,251.88,-3544.00,2094.3,-8076.0,13886.0,-8076.0,17112.0,3,Tuesday,February
NY_Reversion,88201,2025.02.14,17:30,23:01,LONG,22023.21,21963.21,22203.21,11919.0,1.99,995.0,11794.0,UNKNOWN,1334,3211,100,5366.0,10.23,370.21,-5373.00,-1975.9,-6884.0,16922.0,-1278.0,35743.0,1,Friday,February
NY_Reversion,88201,2025.02.17,16:36,23:01,LONG,22158.65,22098.65,22338.65,-500.0,-0.08,1775.0,513.0,UNKNOWN,324,385,100,850.0,4.30,30.62,-975.00,114.0,-2863.0,14737.0,1325.0,4387.0,2,Monday,February
NY_Reversion,88201,2025.02.19,16:42,19:39,SHORT,22153.47,22213.47,21973.47,-6002.0,-1.00,5997.0,3111.0,UNKNOWN,1234,177,100,1903.0,8.38,211.33,-2342.00,2894.2,-2656.0,11057.0,-8368.0,12765.0,1,Wednesday,February
NY_Reversion,88201,2025.02.24,16:44,20:55,SHORT,21538.89,21598.89,21358.89,18002.0,3.00,5856.0,17998.0,UNKNOWN,3151,251,100,8776.0,21.73,96.87,-8797.00,-1900.3,-54476.0,17011.0,-16901.0,-7214.0,2,Monday,February
NY_Reversion,88201,2025.02.25,16:32,16:57,LONG,20945.06,20885.06,21125.06,18003.0,3.00,1728.0,17994.0,UNKNOWN,3449,25,100,6330.0,27.51,443.38,-8571.00,-22960.8,-73422.0,113.0,-80097.0,-35759.0,3,Tuesday,February
NY_Reversion,88201,2025.02.27,16:52,17:20,LONG,20974.58,20914.58,21154.58,-6005.0,-1.00,5996.0,1000.0,UNKNOWN,3071,28,100,10400.0,25.55,340.33,-13150.00,-13313.9,-37639.0,13150.0,-37639.0,-3606.0,2,Thursday,February
NY_Reversion,88201,2025.02.28,16:42,17:58,SHORT,20678.18,20738.18,20498.18,18001.0,3.00,2088.0,17996.0,UNKNOWN,2891,76,100,8412.0,25.47,800.62,-9240.00,8594.5,-50002.0,26553.0,-65227.0,14835.0,6,Friday,February
NY_Reversion,88201,2025.03.03,16:38,18:05,LONG,20810.15,20750.15,20990.15,-6002.0,-1.00,5995.0,11163.0,UNKNOWN,3662,87,100,9950.0,34.74,86.38,-13175.00,-8558.4,-26750.0,39375.0,-17913.0,-9275.0,1,Monday,March
NY_Reversion,88201,2025.03.04,16:44,16:53,SHORT,20202.74,20262.74,20022.74,-6003.0,-1.00,5996.0,1404.0,UNKNOWN,4471,9,100,12059.0,37.68,802.75,-13760.00,-6882.9,-76254.0,17178.0,-87491.0,-7216.0,2,Tuesday,March
NY_Reversion,88201,2025.03.05,16:36,17:21,LONG,20213.45,20153.45,20393.45,18003.0,3.00,3478.0,17996.0,UNKNOWN,3769,45,100,5456.0,32.39,659.43,-5843.00,-17733.5,-36708.0,18249.0,-47694.0,18249.0,3,Wednesday,March
NY_Reversion,88201,2025.03.06,16:44,16:52,LONG,20299.19,20239.19,20479.19,-6001.0,-1.00,5998.0,2475.0,UNKNOWN,3272,8,100,11737.0,42.19,507.54,-13369.00,-7791.0,-17834.0,12052.0,-38702.0,12052.0,6,Thursday,March
NY_Reversion,88201,2025.03.07,16:38,16:52,LONG,19798.80,19738.80,19978.80,-6005.0,-1.00,5998.0,1606.0,UNKNOWN,4040,14,100,13550.0,30.44,643.94,-15935.00,-24715.9,-67873.0,361.0,-81273.0,-16879.0,3,Friday,March
NY_Reversion,88201,2025.03.10,15:32,17:10,SHORT,19631.49,19691.49,19451.49,18004.0,3.00,4047.0,17999.0,UNKNOWN,3441,98,100,7172.0,31.84,179.38,-9870.00,-15424.1,-57479.0,14242.0,-44929.0,-26991.0,2,Monday,March
NY_Reversion,88201,2025.03.11,15:42,16:14,SHORT,19494.07,19554.07,19314.07,18001.0,3.00,2168.0,17997.0,UNKNOWN,3203,32,100,8544.0,41.44,922.87,-11154.00,8720.9,-37546.0,25797.0,-63133.0,29154.0,2,Tuesday,March
NY_Reversion,88201,2025.03.12,15:36,15:47,SHORT,19526.89,19586.89,19346.89,-6002.0,-1.00,5997.0,486.0,UNKNOWN,3000,11,100,12862.0,31.67,546.43,-13896.00,-2752.7,-23464.0,29079.0,-13169.0,41474.0,1,Wednesday,March
NY_Reversion,88201,2025.03.13,15:36,16:47,LONG,19317.41,19257.41,19497.41,-6000.0,-1.00,5991.0,5409.0,UNKNOWN,3021,71,100,5916.0,26.59,398.88,-6562.00,-14623.5,-43087.0,1013.0,-44412.0,-4524.0,1,Thursday,March
NY_Reversion,88201,2025.03.14,15:34,19:54,SHORT,19651.49,19711.49,19471.49,-6004.0,-1.00,5996.0,6334.0,UNKNOWN,2497,260,100,6550.0,21.15,524.30,-7223.00,15775.2,-200.0,43090.0,-2179.0,50251.0,3,Friday,March
NY_Reversion,88201,2025.03.17,15:34,18:00,LONG,19644.68,19584.68,19824.68,18006.0,3.00,2993.0,17999.0,UNKNOWN,2931,146,100,5622.0,23.88,128.00,-7411.00,-5065.4,-19260.0,22128.0,-2397.0,10403.0,1,Monday,March
NY_Reversion,88201,2025.03.18,15:58,20:30,LONG,19419.17,19359.17,19599.17,7647.0,1.27,113.0,14790.0,UNKNOWN,2303,272,100,4923.0,18.36,399.88,-6210.00,-15018.1,-38673.0,2584.0,-52436.0,-12448.0,6,Tuesday,March
NY_Reversion,88201,2025.03.19,15:34,18:32,SHORT,19670.20,19730.20,19490.20,-6001.0,-1.00,5995.0,11242.0,UNKNOWN,1534,178,100,6035.0,16.52,428.27,-6248.00,8774.3,-1620.0,27687.0,-15140.0,27687.0,7,Wednesday,March
NY_Reversion,88201,2025.03.21,15:42,16:57,LONG,19502.78,19442.78,19682.78,18005.0,3.00,2700.0,17998.0,UNKNOWN,2527,75,100,5300.0,18.23,369.11,-5537.00,-4345.3,-38681.0,10350.0,-38681.0,-1770.0,2,Friday,March
NY_Reversion,88201,2025.03.24,15:32,20:30,LONG,20139.32,20079.32,20319.32,2343.0,0.39,3790.0,6542.0,UNKNOWN,1688,298,100,2578.0,10.81,57.75,-2510.00,7378.5,-2510.0,73542.0,22842.0,28617.0,1,Monday,March
NY_Reversion,88201,2025.03.25,15:34,17:29,LONG,20259.46,20199.46,20439.46,-6002.0,-1.00,5997.0,1423.0,UNKNOWN,1761,115,100,1953.0,9.22,311.96,-2192.00,5598.4,-3124.0,23293.0,5472.0,36668.0,4,Tuesday,March
NY_Reversion,88201,2025.03.26,15:44,15:56,LONG,20058.14,19998.14,20238.14,-6001.0,-1.00,5995.0,799.0,UNKNOWN,2050,12,100,5836.0,15.32,239.37,-5926.00,-11112.2,-23256.0,2949.0,-27226.0,-3289.0,2,Wednesday,March
NY_Reversion,88201,2025.03.28,15:34,19:33,SHORT,19437.06,19497.06,19257.06,18000.0,3.00,1105.0,17994.0,UNKNOWN,2838,239,100,6104.0,22.23,259.38,-6147.00,-16871.9,-56487.0,6582.0,-56487.0,-30549.0,5,Friday,March
NY_Reversion,88201,2025.03.31,15:42,17:09,SHORT,19053.22,19113.22,18873.22,-6001.0,-1.00,5995.0,5347.0,UNKNOWN,3049,87,100,11639.0,24.02,110.25,-11649.00,7574.7,-69906.0,25507.0,-9318.0,1707.0,5,Monday,March
NY_Reversion,88201,2025.04.01,15:36,18:00,LONG,19375.95,19315.95,19555.95,-6000.0,-1.00,5994.0,9401.0,UNKNOWN,3296,144,100,4946.0,21.88,515.85,-5467.00,13963.9,-5467.0,57780.0,6195.0,57780.0,1,Tuesday,April
NY_Reversion,88201,2025.04.02,16:14,16:32,SHORT,19546.52,19606.52,19366.52,-6000.0,-1.00,5997.0,654.0,UNKNOWN,2765,18,100,13316.0,24.12,429.13,-14058.00,16113.5,633.0,45812.0,2899.0,45812.0,3,Wednesday,April
NY_Reversion,88201,2025.04.03,15:38,16:13,SHORT,18726.77,18786.77,18546.77,-6000.0,-1.00,5993.0,5202.0,UNKNOWN,4244,35,100,7402.0,34.10,1214.21,-9581.00,-5076.4,-81342.0,16916.0,-113677.0,7744.0,1,Thursday,April
NY_Reversion,88201,2025.04.04,15:36,15:37,LONG,17778.66,17718.66,17958.66,-6001.0,-1.00,5996.0,1261.0,UNKNOWN,5168,1,100,20865.0,72.17,574.68,-21577.00,-26448.9,-111067.0,26709.0,-122792.0,-65324.0,2,Friday,April
NY_Reversion,88201,2025.04.08,15:42,16:17,SHORT,17959.26,18019.26,17779.26,18000.0,3.00,1946.0,17993.0,UNKNOWN,3805,35,100,11505.0,46.18,1880.50,-11708.00,6003.0,-26214.0,139611.0,-26214.0,161836.0,6,Tuesday,April
NY_Reversion,88201,2025.04.09,15:36,15:44,LONG,17197.00,17137.00,17377.00,-6006.0,-1.00,5998.0,5153.0,UNKNOWN,3502,8,100,12175.0,46.88,1473.50,-13300.00,8706.5,-102275.0,45788.0,-102275.0,45075.0,2,Wednesday,April
NY_Reversion,88201,2025.04.10,15:32,15:44,LONG,18310.78,18250.78,18490.78,-6002.0,-1.00,5998.0,2816.0,UNKNOWN,3955,12,100,15369.0,38.56,2627.00,-16924.00,-37844.7,-54197.0,123353.0,-92135.0,170565.0,11,Thursday,April
NY_Reversion,88201,2025.04.11,15:38,15:39,SHORT,18343.48,18403.48,18163.48,-6001.0,-1.00,5989.0,1163.0,UNKNOWN,3459,1,100,10975.0,49.77,1398.96,-15222.00,-21.8,-35452.0,22632.0,-84052.0,55844.0,1,Friday,April
NY_Reversion,88201,2025.04.14,15:38,15:46,LONG,18788.74,18728.74,18968.74,-6000.0,-1.00,5994.0,483.0,UNKNOWN,3243,8,100,11379.0,31.69,193.50,-13116.00,-16728.7,-32926.0,64895.0,-19676.0,-326.0,3,Monday,April
NY_Reversion,88201,2025.04.15,15:38,16:58,LONG,18871.25,18811.25,19051.25,-6001.0,-1.00,5999.0,8092.0,UNKNOWN,3118,80,100,7887.0,28.73,513.06,-7907.00,1000.2,-18079.0,20215.0,-24675.0,26631.0,3,Tuesday,April
NY_Reversion,88201,2025.04.16,16:00,17:12,LONG,18460.52,18400.52,18640.52,-6001.0,-1.00,5998.0,2641.0,UNKNOWN,2761,72,100,13633.0,18.70,447.25,-14240.00,-4147.6,-54736.0,8427.0,-54736.0,-10011.0,1,Wednesday,April
NY_Reversion,88201,2025.04.17,16:20,18:08,SHORT,18319.14,18379.14,18139.14,-6003.0,-1.00,5997.0,7092.0,UNKNOWN,3368,108,100,11134.0,42.83,736.77,-11150.00,-75.2,-28378.0,17833.0,-40999.0,32678.0,3,Thursday,April
NY_Reversion,88201,2025.04.21,15:32,15:55,LONG,17737.76,17677.76,17917.76,-6002.0,-1.00,5997.0,289.0,UNKNOWN,2354,23,100,6243.0,22.32,96.38,-6855.00,-21221.7,-65167.0,202.0,-49859.0,-40221.0,4,Monday,April
NY_Reversion,88201,2025.04.23,15:48,15:53,LONG,18747.61,18687.61,18927.61,-6000.0,-1.00,5993.0,0.0,UNKNOWN,3613,5,100,18538.0,42.90,851.37,-20688.00,-8459.9,-29994.0,65911.0,5886.0,91023.0,1,Wednesday,April
NY_Reversion,88201,2025.04.24,15:56,16:57,SHORT,19097.75,19157.75,18917.75,-6002.0,-1.00,5999.0,7008.0,UNKNOWN,2339,61,100,7655.0,20.49,535.05,-7767.00,27235.1,-165.0,58025.0,5020.0,58525.0,2,Thursday,April
NY_Reversion,88201,2025.04.25,15:44,17:14,LONG,19219.59,19159.59,19399.59,18000.0,3.00,1328.0,17999.0,UNKNOWN,2574,90,100,5695.0,23.16,840.88,-6670.00,-1092.6,-8104.0,37909.0,-10429.0,73659.0,1,Friday,April
NY_Reversion,88201,2025.04.28,16:08,19:08,LONG,19190.83,19130.83,19370.83,18004.0,3.00,3514.0,17998.0,UNKNOWN,2568,180,100,14862.0,24.39,75.75,-16681.00,-17218.3,-32667.0,6758.0,-21392.0,-13817.0,2,Monday,April
NY_Reversion,88201,2025.04.29,15:36,20:30,LONG,19407.41,19347.41,19587.41,10289.0,1.71,3745.0,17574.0,UNKNOWN,2971,294,100,5517.0,22.86,361.81,-5768.00,-1599.6,-11009.0,19839.0,-11009.0,25172.0,3,Tuesday,April
NY_Reversion,88201,2025.04.30,15:46,18:07,SHORT,19346.14,19406.14,19166.14,-6011.0,-1.00,5996.0,10751.0,UNKNOWN,3422,141,100,5842.0,24.07,306.40,-6549.00,10331.0,-16574.0,34339.0,-23701.0,6939.0,2,Wednesday,April
NY_Reversion,88201,2025.05.01,15:32,15:54,LONG,19964.75,19904.75,20144.75,-6001.0,-1.00,5996.0,913.0,UNKNOWN,2560,22,100,5081.0,16.39,832.10,-6102.00,8686.6,-6102.0,96200.0,12990.0,96200.0,2,Thursday,May
NY_Reversion,88201,2025.05.02,16:00,16:06,SHORT,20099.85,20159.85,19919.85,-6002.0,-1.00,5999.0,325.0,UNKNOWN,1633,6,100,5684.0,11.78,367.02,-5860.00,13751.0,-915.0,32660.0,7408.0,44110.0,2,Friday,May
NY_Reversion,88201,2025.05.07,15:44,17:04,SHORT,19764.98,19824.98,19584.98,-6000.0,-1.00,5999.0,6001.0,UNKNOWN,2252,80,100,4971.0,20.26,397.12,-5246.00,-7989.0,-18095.0,11280.0,-28432.0,11280.0,5,Wednesday,May
NY_Reversion,88201,2025.05.08,15:38,15:41,SHORT,20120.58,20180.58,19940.58,-6004.0,-1.00,5999.0,2050.0,UNKNOWN,2376,3,100,12971.0,23.15,423.24,-12992.00,9049.6,-5905.0,41661.0,9840.0,52164.0,3,Thursday,May
NY_Reversion,88201,2025.05.09,15:32,20:30,LONG,20029.72,19969.72,20209.72,1800.0,0.30,4517.0,7694.0,UNKNOWN,2847,298,100,6069.0,20.12,405.91,-6448.00,-7485.4,-19910.0,12977.0,-21919.0,18672.0,1,Friday,May
NY_Reversion,88201,2025.05.13,15:48,20:30,SHORT,21213.52,21273.52,21033.52,3734.0,0.62,4781.0,4713.0,UNKNOWN,2089,282,100,4608.0,12.40,547.25,-5114.00,22281.2,-576.0,60531.0,29984.0,84709.0,2,Tuesday,May
NY_Reversion,88201,2025.05.14,15:44,20:30,SHORT,21307.13,21367.13,21127.13,-1571.0,-0.26,3326.0,10394.0,UNKNOWN,1794,286,100,5050.0,12.31,523.33,-5213.00,6025.0,-1887.0,34225.0,4680.0,57013.0,1,Wednesday,May
NY_Reversion,88201,2025.05.15,15:44,16:47,SHORT,21346.86,21406.86,21166.86,-6004.0,-1.00,5996.0,1434.0,UNKNOWN,1881,63,100,5221.0,15.57,179.51,-6019.00,11487.9,-298.0,23698.0,747.0,18698.0,6,Thursday,May
NY_Reversion,88201,2025.05.16,15:32,17:34,SHORT,21337.05,21397.05,21157.05,-6000.0,-1.00,5995.0,1038.0,UNKNOWN,2148,122,100,3099.0,15.59,336.11,-3979.00,97.5,-8608.0,17105.0,-10894.0,22717.0,4,Friday,May
NY_Reversion,88201,2025.05.20,15:42,18:28,LONG,21331.56,21271.56,21511.56,-6004.0,-1.00,5997.0,6730.0,UNKNOWN,1599,166,100,2901.0,12.21,451.58,-2939.00,-1885.9,-7640.0,9343.0,-15290.0,29868.0,1,Tuesday,May
NY_Reversion,88201,2025.05.22,16:00,19:05,SHORT,21200.54,21260.54,21020.54,-6004.0,-1.00,5998.0,7267.0,UNKNOWN,1749,185,100,6375.0,20.04,483.39,-6791.00,6024.5,-26008.0,23207.0,-28395.0,19944.0,1,Thursday,May
NY_Reversion,88201,2025.05.23,15:32,17:09,SHORT,20907.84,20967.84,20727.84,-6001.0,-1.00,5997.0,4393.0,UNKNOWN,2040,97,100,7795.0,20.85,297.95,-7870.00,810.9,-35151.0,23981.0,-35858.0,-6063.0,2,Friday,May
NY_Reversion,88201,2025.05.26,15:32,22:00,SHORT,21201.38,21261.38,21021.38,-2892.0,-0.48,3637.0,13.0,UNKNOWN,556,388,100,2838.0,6.91,267.63,-3313.00,2016.8,-4875.0,43848.0,3200.0,29963.0,3,Monday,May
NY_Reversion,88201,2025.05.29,15:34,15:57,LONG,21389.99,21329.99,21569.99,-6006.0,-1.00,5994.0,1923.0,UNKNOWN,2751,23,100,5261.0,20.53,447.27,-6851.00,-16187.4,-37564.0,5870.0,-33376.0,11351.0,2,Thursday,May
NY_Reversion,88201,2025.05.30,15:38,16:22,LONG,21268.12,21208.12,21448.12,-6005.0,-1.00,5998.0,3373.0,UNKNOWN,2025,44,100,5894.0,20.66,553.47,-6390.00,-2944.7,-26013.0,8912.0,-53801.0,1546.0,1,Friday,May
NY_Reversion,88201,2025.06.02,15:50,17:01,SHORT,21363.50,21423.50,21183.50,-6000.0,-1.00,5995.0,425.0,UNKNOWN,1546,71,100,4563.0,15.12,70.87,-4675.00,8827.7,-5000.0,20625.0,6175.0,13262.0,2,Monday,June
NY_Reversion,88201,2025.06.03,16:02,16:37,SHORT,21645.66,21705.66,21465.66,-6001.0,-1.00,5998.0,1034.0,UNKNOWN,1375,35,100,3024.0,9.75,415.02,-3133.00,12389.0,-31.0,42628.0,11176.0,52678.0,5,Tuesday,June
NY_Reversion,88201,2025.06.04,15:32,20:30,LONG,21710.28,21650.28,21890.28,1081.0,0.18,4344.0,5285.0,UNKNOWN,2123,298,100,2628.0,12.24,358.57,-3130.00,2030.9,-4385.0,24015.0,-754.0,35103.0,2,Wednesday,June
NY_Reversion,88201,2025.06.05,16:16,16:44,LONG,21825.24,21765.24,22005.24,-6000.0,-1.00,5997.0,780.0,UNKNOWN,2486,28,100,6007.0,14.85,159.37,-6248.00,6307.9,-6892.0,17111.0,6211.0,22148.0,5,Thursday,June
NY_Reversion,88201,2025.06.06,16:56,20:30,LONG,21700.01,21640.01,21880.01,7887.0,1.31,746.0,13906.0,UNKNOWN,2600,214,100,10763.0,16.46,454.54,-11417.00,-3652.1,-19415.0,9063.0,-19415.0,26039.0,3,Friday,June
NY_Reversion,88201,2025.06.09,16:52,20:30,SHORT,21849.36,21909.36,21669.36,6787.0,1.13,653.0,7751.0,UNKNOWN,1479,218,100,4604.0,8.47,87.75,-6394.00,6681.0,-1433.0,14281.0,6598.0,15373.0,5,Monday,June
NY_Reversion,88201,2025.06.10,15:32,15:33,LONG,21808.78,21748.78,21988.78,-6000.0,-1.00,5995.0,337.0,UNKNOWN,2433,1,100,2380.0,11.72,178.94,-4402.00,-2078.0,-6072.0,8815.0,-5491.0,12403.0,3,Tuesday,June
NY_Reversion,88201,2025.06.12,16:30,20:30,SHORT,21932.90,21992.90,21752.90,4077.0,0.68,1327.0,6097.0,UNKNOWN,1823,240,100,7182.0,15.56,312.08,-7223.00,8941.3,-11198.0,22115.0,-14835.0,16373.0,3,Thursday,June
NY_Reversion,88201,2025.06.13,15:44,18:34,SHORT,21796.86,21856.86,21616.86,18000.0,3.00,4298.0,17997.0,UNKNOWN,1543,170,100,6082.0,15.71,260.78,-6529.00,14616.5,-15780.0,23486.0,-15780.0,10298.0,4,Friday,June
NY_Reversion,88201,2025.06.17,16:50,17:30,LONG,21835.75,21775.75,22015.75,-6001.0,-1.00,5995.0,691.0,UNKNOWN,2304,40,100,4824.0,13.80,336.75,-6181.00,-653.4,-14525.0,7557.0,-14525.0,19150.0,3,Tuesday,June
NY_Reversion,88201,2025.06.18,15:52,19:01,SHORT,21835.59,21895.59,21655.59,18000.0,3.00,1229.0,17996.0,UNKNOWN,1367,189,100,2305.0,14.49,267.98,-2557.00,5124.7,-6289.0,13959.0,-6289.0,20509.0,1,Wednesday,June
NY_Reversion,88201,2025.06.23,15:42,16:29,LONG,21710.17,21650.17,21890.17,-6000.0,-1.00,5996.0,3868.0,UNKNOWN,2099,47,100,5881.0,16.58,122.24,-7753.00,3866.3,-19608.0,16744.0,14195.0,26419.0,2,Monday,June
NY_Reversion,88201,2025.06.24,15:38,19:03,SHORT,22157.23,22217.23,21977.23,-6000.0,-1.00,5996.0,1999.0,UNKNOWN,1101,205,100,2457.0,8.02,545.15,-2885.00,7335.9,-323.0,51900.0,12073.0,66588.0,3,Tuesday,June
NY_Reversion,88201,2025.06.25,15:34,20:30,LONG,22215.19,22155.19,22395.19,1923.0,0.32,4793.0,4286.0,UNKNOWN,2153,296,100,2545.0,12.91,246.82,-3625.00,-3804.2,-11156.0,16688.0,-788.0,23894.0,3,Wednesday,June
NY_Reversion,88201,2025.06.26,15:32,20:30,LONG,22337.93,22277.93,22517.93,10388.0,1.73,431.0,12961.0,UNKNOWN,2549,298,100,4715.0,11.11,159.49,-5149.00,1495.1,-5149.0,12844.0,1118.0,17067.0,5,Thursday,June
NY_Reversion,88201,2025.06.30,15:34,19:26,SHORT,22613.89,22673.89,22433.89,-6000.0,-1.00,5997.0,4858.0,UNKNOWN,1271,232,100,2449.0,11.18,88.76,-2900.00,-1233.2,-8286.0,14477.0,-1449.0,7427.0,3,Monday,June
NY_Reversion,88201,2025.07.01,16:38,20:30,SHORT,22492.44,22552.44,22312.44,1884.0,0.31,5877.0,5474.0,UNKNOWN,1337,232,100,9795.0,14.18,153.20,-10754.00,-5507.6,-14764.0,10754.0,-22507.0,-7187.0,1,Tuesday,July
NY_Reversion,88201,2025.07.03,15:32,22:00,SHORT,22878.69,22938.69,22698.69,856.0,0.14,2319.0,4969.0,UNKNOWN,1201,388,100,1974.0,9.23,278.87,-2117.00,13099.8,-17.0,42744.0,22557.0,50444.0,2,Thursday,July
NY_Reversion,88201,2025.07.04,15:36,20:40,SHORT,22730.13,22790.13,22550.13,2550.0,0.43,612.0,3563.0,UNKNOWN,238,304,100,2125.0,6.24,281.50,-2163.00,-2473.1,-17075.0,10225.0,-17075.0,11075.0,1,Friday,July
NY_Reversion,88201,2025.07.07,15:32,20:30,SHORT,22726.88,22786.88,22546.88,6504.0,1.08,3545.0,14174.0,UNKNOWN,1392,298,100,2357.0,11.06,80.50,-2700.00,-1337.5,-7550.0,4688.0,-10012.0,-1962.0,3,Monday,July
NY_Reversion,88201,2025.07.08,16:02,20:30,SHORT,22713.13,22773.13,22533.13,233.0,0.04,5340.0,3685.0,UNKNOWN,1114,268,100,5384.0,8.78,218.24,-5543.00,170.2,-5125.0,6732.0,-8925.0,12899.0,4,Tuesday,July
NY_Reversion,88201,2025.07.09,16:48,20:00,SHORT,22805.36,22865.36,22625.36,-6006.0,-1.00,5999.0,3621.0,UNKNOWN,888,192,100,6658.0,9.17,131.57,-7510.00,2637.8,-11264.0,15955.0,2798.0,15955.0,1,Wednesday,July
NY_Reversion,88201,2025.07.10,15:40,20:30,SHORT,22817.46,22877.46,22637.46,-409.0,-0.07,4576.0,3976.0,UNKNOWN,973,290,100,6049.0,11.84,267.12,-6352.00,1286.4,-10054.0,10706.0,-10054.0,16658.0,1,Thursday,July
NY_Reversion,88201,2025.07.11,15:36,20:30,SHORT,22786.24,22846.24,22606.24,3111.0,0.52,5360.0,4154.0,UNKNOWN,1356,294,100,5688.0,16.26,188.63,-5743.00,3847.1,-6204.0,11486.0,-11279.0,7584.0,1,Friday,July
NY_Reversion,88201,2025.07.14,16:10,20:30,SHORT,22846.08,22906.08,22666.08,45.0,0.01,4206.0,1895.0,UNKNOWN,998,260,100,2562.0,9.08,71.38,-2958.00,10216.2,78.0,18133.0,13608.0,20746.0,3,Monday,July
NY_Reversion,88201,2025.07.15,15:50,20:30,SHORT,22999.38,23059.38,22819.38,15189.0,2.53,417.0,16037.0,UNKNOWN,1324,280,100,4867.0,10.74,260.14,-5147.00,2821.7,-4695.0,27500.0,11224.0,37238.0,2,Tuesday,July
NY_Reversion,88201,2025.07.16,15:36,17:08,LONG,22706.01,22646.01,22886.01,18001.0,3.00,3876.0,17994.0,UNKNOWN,1989,92,100,14452.0,40.21,242.45,-16759.00,-12297.3,-31702.0,100.0,-34032.0,-9787.0,3,Wednesday,July
NY_Reversion,88201,2025.07.17,15:42,20:30,SHORT,23071.84,23131.84,22891.84,-2073.0,-0.35,3712.0,992.0,UNKNOWN,1305,288,100,2262.0,9.43,261.00,-2536.00,11283.6,-314.0,40459.0,14359.0,40459.0,5,Thursday,July
NY_Reversion,88201,2025.07.18,15:32,20:30,SHORT,23064.63,23124.63,22884.63,213.0,0.04,2599.0,5475.0,UNKNOWN,1248,298,100,2162.0,10.11,272.40,-2725.00,-2304.8,-8925.0,16653.0,-5712.0,21528.0,4,Friday,July
NY_Reversion,88201,2025.07.21,15:36,20:30,SHORT,23242.35,23302.35,23062.35,6169.0,1.03,2215.0,7312.0,UNKNOWN,862,294,100,1673.0,6.76,57.88,-1856.00,6747.3,-2058.0,21810.0,13647.0,19435.0,2,Monday,July
NY_Reversion,88201,2025.07.22,15:38,20:30,SHORT,23076.37,23136.37,22896.37,3727.0,0.62,2687.0,7163.0,UNKNOWN,1523,292,100,2830.0,11.96,198.25,-3665.00,-1231.5,-18656.0,12387.0,-18713.0,1112.0,1,Tuesday,July
NY_Reversion,88201,2025.07.23,15:50,15:54,SHORT,23063.64,23123.64,22883.64,-6007.0,-1.00,5995.0,162.0,UNKNOWN,861,4,100,2506.0,8.41,257.25,-2847.00,-189.1,-6798.0,11114.0,-14611.0,11114.0,6,Wednesday,July
NY_Reversion,88201,2025.07.24,15:38,20:30,LONG,23225.13,23165.13,23405.13,1376.0,0.23,3611.0,4651.0,UNKNOWN,1186,292,100,2350.0,7.46,266.73,-2404.00,986.7,-2730.0,22963.0,-3710.0,22963.0,2,Thursday,July
NY_Reversion,88201,2025.07.25,16:08,20:30,SHORT,23281.90,23341.90,23101.90,-835.0,-0.14,4954.0,2051.0,UNKNOWN,748,262,100,1954.0,5.73,123.62,-2303.00,3604.7,-185.0,13360.0,998.0,13360.0,1,Friday,July
NY_Reversion,88201,2025.07.28,15:56,20:30,SHORT,23356.25,23416.25,23176.25,-929.0,-0.15,1113.0,5614.0,UNKNOWN,261,274,100,5817.0,6.61,50.38,-5903.00,-1882.4,-4250.0,11850.0,-5575.0,-537.0,8,Monday,July
NY_Reversion,88201,2025.07.29,15:32,20:30,LONG,23316.91,23256.91,23496.91,-361.0,-0.06,3440.0,6444.0,UNKNOWN,414,298,100,6390.0,14.03,144.03,-6598.00,-10870.4,-19647.0,1969.0,-12434.0,1969.0,4,Tuesday,July
NY_Reversion,88201,2025.07.30,15:52,18:31,SHORT,23368.69,23428.69,23188.69,-6004.0,-1.00,5981.0,642.0,UNKNOWN,253,159,100,2838.0,8.08,230.87,-3054.00,1208.0,-8581.0,7050.0,-14469.0,8618.0,4,Wednesday,July
NY_Reversion,88201,2025.07.31,15:32,16:24,SHORT,23412.40,23472.40,23232.40,-6000.0,-1.00,5998.0,700.0,UNKNOWN,2302,52,100,5602.0,21.31,383.94,-6350.00,-12218.2,-26185.0,9890.0,-19170.0,19224.0,4,Thursday,July
NY_Reversion,88201,2025.08.01,15:42,16:06,SHORT,22849.52,22909.52,22669.52,-6002.0,-1.00,5997.0,375.0,UNKNOWN,2640,24,100,5675.0,20.32,595.40,-7315.00,-7715.6,-72073.0,17852.0,-85938.0,-26398.0,3,Friday,August
NY_Reversion,88201,2025.08.05,15:36,20:30,LONG,23013.57,22953.57,23193.57,-1456.0,-0.24,3045.0,12518.0,UNKNOWN,2935,294,100,6237.0,24.26,444.50,-9303.00,-16828.8,-27581.0,100.0,-23018.0,21432.0,1,Tuesday,August
NY_Reversion,88201,2025.08.06,15:32,18:06,SHORT,23226.80,23286.80,23046.80,-6001.0,-1.00,5994.0,3634.0,UNKNOWN,1652,154,100,4887.0,15.12,352.63,-5506.00,13721.3,-5570.0,22842.0,-6258.0,29005.0,1,Wednesday,August
NY_Reversion,88201,2025.08.07,15:50,16:42,LONG,23374.58,23314.58,23554.58,-6001.0,-1.00,5995.0,4230.0,UNKNOWN,2252,52,100,5928.0,19.19,430.76,-7620.00,-8007.4,-18867.0,31982.0,370.0,43446.0,2,Thursday,August
NY_Reversion,88201,2025.08.08,15:32,20:30,LONG,23555.70,23495.70,23735.70,9155.0,1.53,4412.0,10330.0,UNKNOWN,1802,298,100,2021.0,12.14,340.03,-2445.00,5257.5,-4375.0,18351.0,-755.0,33248.0,2,Friday,August
NY_Reversion,88201,2025.08.11,15:40,18:44,LONG,23621.13,23561.13,23801.13,-6001.0,-1.00,5991.0,7856.0,UNKNOWN,1170,184,100,1974.0,9.59,62.63,-2727.00,-438.0,-4396.0,15281.0,-3825.0,2438.0,3,Monday,August
NY_Reversion,88201,2025.08.13,15:44,20:30,SHORT,23856.23,23916.23,23676.23,2770.0,0.46,555.0,6705.0,UNKNOWN,1410,286,100,5750.0,14.28,372.38,-6423.00,-2400.2,-11152.0,33360.0,-1277.0,35961.0,3,Wednesday,August
NY_Reversion,88201,2025.08.20,15:32,16:26,SHORT,23152.48,23212.48,22972.48,-6003.0,-1.00,5998.0,7537.0,UNKNOWN,2614,54,70,10719.0,18.90,386.75,-10970.00,-2527.6,-49417.0,19523.0,-56877.0,-18202.0,3,Wednesday,August
NY_Reversion,88201,2025.08.21,15:34,20:30,SHORT,23210.84,23270.84,23030.84,7799.0,1.30,647.0,16864.0,UNKNOWN,2230,296,70,8167.0,22.45,415.65,-8355.00,896.7,-10306.0,25359.0,-16206.0,25359.0,3,Thursday,August
NY_Reversion,88201,2025.08.25,15:32,20:30,SHORT,23537.43,23597.43,23357.43,9021.0,1.50,1153.0,11994.0,UNKNOWN,1303,298,70,2141.0,9.53,44.00,-2470.00,8154.0,-3999.0,40493.0,1743.0,6143.0,1,Monday,August
NY_Reversion,88201,2025.08.26,15:50,20:30,LONG,23441.31,23381.31,23621.31,9709.0,1.62,2769.0,10114.0,UNKNOWN,1185,280,70,3097.0,10.92,172.76,-3100.00,2396.9,-10695.0,7966.0,-10695.0,6581.0,2,Tuesday,August
NY_Reversion,88201,2025.08.27,15:48,20:22,SHORT,23553.44,23613.44,23373.44,18002.0,3.00,5259.0,17999.0,UNKNOWN,1025,274,70,2090.0,10.89,252.00,-2759.00,4282.4,-264.0,18079.0,-456.0,24744.0,3,Wednesday,August
NY_Reversion,88201,2025.08.28,16:30,20:30,SHORT,23691.73,23751.73,23511.73,-990.0,-0.17,4903.0,3111.0,UNKNOWN,1406,240,70,8669.0,11.11,232.92,-8648.00,10067.0,-21.0,18086.0,8640.0,31932.0,6,Thursday,August
NY_Reversion,88201,2025.09.01,15:34,22:00,SHORT,23458.65,23518.65,23278.65,-105.0,-0.02,133.0,2305.0,UNKNOWN,167,386,70,1613.0,4.22,81.28,-1825.00,3510.1,-15625.0,9325.0,-3963.0,4165.0,1,Monday,September
NY_Reversion,88201,2025.09.03,15:32,17:45,LONG,23367.78,23307.78,23547.78,-6005.0,-1.00,5998.0,5535.0,UNKNOWN,2962,133,70,7848.0,15.90,458.75,-8800.00,-577.1,-11263.0,38531.0,-7212.0,38663.0,6,Wednesday,September
NY_Reversion,88201,2025.09.04,16:50,18:41,SHORT,23516.25,23576.25,23336.25,-6005.0,-1.00,5998.0,2167.0,UNKNOWN,1233,111,70,6216.0,10.13,222.91,-6622.00,6178.3,406.0,15570.0,3584.0,25875.0,4,Thursday,September
NY_Reversion,88201,2025.09.05,15:36,20:30,SHORT,23607.90,23667.90,23427.90,-3122.0,-0.52,5245.0,5635.0,UNKNOWN,3100,294,70,7885.0,26.52,310.13,-8625.00,-8431.3,-25700.0,23875.0,-7138.0,23875.0,2,Friday,September
NY_Reversion,88201,2025.09.09,15:36,20:30,LONG,23735.76,23675.76,23915.76,12871.0,2.15,1544.0,13321.0,UNKNOWN,1676,294,70,1650.0,10.16,158.07,-2144.00,-4485.5,-11571.0,4250.0,-11571.0,4236.0,3,Tuesday,September
NY_Reversion,88201,2025.09.10,16:20,18:19,LONG,23889.88,23829.88,24069.88,-6007.0,-1.00,5999.0,1933.0,UNKNOWN,1200,119,70,5034.0,10.11,194.43,-5206.00,-3022.8,-12440.0,19662.0,219.0,19662.0,3,Wednesday,September
NY_Reversion,88201,2025.09.12,16:04,20:30,LONG,24057.45,23997.45,24237.45,3378.0,0.56,608.0,7907.0,UNKNOWN,1177,266,70,2597.0,7.79,183.96,-2802.00,3315.0,-3789.0,13555.0,4099.0,22495.0,3,Friday,September
NY_Reversion,88201,2025.09.15,15:40,20:30,SHORT,24249.52,24309.52,24069.52,-2332.0,-0.39,4816.0,2146.0,UNKNOWN,1024,290,70,2365.0,7.89,29.50,-2604.00,8246.2,-150.0,26149.0,13812.0,16762.0,3,Monday,September
NY_Reversion,88201,2025.09.16,15:34,20:30,LONG,24259.51,24199.51,24439.51,2742.0,0.46,1378.0,4909.0,UNKNOWN,979,296,70,2477.0,8.96,238.73,-2610.00,-5115.6,-12801.0,8111.0,-3747.0,20126.0,1,Tuesday,September
NY_Reversion,88201,2025.09.18,15:48,19:46,LONG,24512.98,24452.98,24692.98,-6000.0,-1.00,5994.0,2859.0,UNKNOWN,1484,238,70,4975.0,10.87,343.96,-5042.00,5836.0,-5042.0,36398.0,17663.0,52059.0,4,Thursday,September
NY_Reversion,88201,2025.09.19,15:32,20:30,LONG,24473.10,24413.10,24653.10,14568.0,2.43,356.0,16405.0,UNKNOWN,2074,298,70,2937.0,13.28,254.15,-3238.00,-2279.6,-9605.0,12457.0,-9030.0,16385.0,1,Friday,September
NY_Reversion,88201,2025.09.22,16:08,16:40,SHORT,24683.28,24743.28,24503.28,-6001.0,-1.00,5998.0,0.0,UNKNOWN,1813,32,70,1888.0,8.64,39.35,-2288.00,8007.6,-1012.0,21898.0,6628.0,10563.0,1,Monday,September
NY_Reversion,88201,2025.09.23,15:40,17:26,LONG,24701.39,24641.39,24881.39,-6003.0,-1.00,5999.0,1677.0,UNKNOWN,1351,106,70,2020.0,8.40,282.31,-2448.00,-2824.3,-7364.0,10861.0,-8020.0,20211.0,2,Tuesday,September
NY_Reversion,88201,2025.09.25,15:38,18:02,SHORT,24421.68,24481.68,24241.68,18004.0,3.00,3999.0,17998.0,UNKNOWN,2476,144,70,6623.0,18.54,284.20,-6804.00,4712.9,-18810.0,23563.0,-24960.0,3460.0,5,Thursday,September
NY_Reversion,88201,2025.09.26,16:22,18:24,SHORT,24428.45,24488.45,24248.45,-6001.0,-1.00,5995.0,1242.0,UNKNOWN,2253,122,50,8553.0,16.80,369.50,-10696.00,3264.3,-8955.0,13308.0,-12710.0,24240.0,5,Friday,September
NY_Reversion,88201,2025.10.01,15:32,17:02,SHORT,24686.38,24746.38,24506.38,-6001.0,-1.00,5999.0,404.0,UNKNOWN,1640,90,50,2639.0,11.43,189.34,-2866.00,11703.4,-1562.0,19376.0,-243.0,18691.0,6,Wednesday,October
NY_Reversion,88201,2025.10.02,15:38,20:30,LONG,24787.21,24727.21,24967.21,10846.0,1.81,50.0,12105.0,UNKNOWN,5542,292,50,3048.0,14.36,403.63,-4778.00,-6963.7,-17416.0,28215.0,-2875.0,37488.0,5,Thursday,October
NY_Reversion,88201,2025.10.03,15:40,17:03,LONG,24907.44,24847.44,25087.44,-6002.0,-1.00,5999.0,3477.0,UNKNOWN,3649,83,50,2180.0,9.53,185.86,-2180.00,-1325.4,-7541.0,13193.0,-5393.0,13193.0,2,Friday,October
NY_Reversion,88201,2025.10.06,15:42,18:25,SHORT,24968.94,25028.94,24788.94,-6000.0,-1.00,5999.0,238.0,UNKNOWN,3418,163,50,2220.0,9.25,75.66,-2289.00,3769.6,-6405.0,13116.0,9062.0,16628.0,1,Monday,October
NY_Reversion,88201,2025.10.07,15:32,15:48,LONG,24849.78,24789.78,25029.78,-6000.0,-1.00,5999.0,1264.0,UNKNOWN,6820,16,50,6016.0,30.47,206.82,-6864.00,-12524.4,-21742.0,879.0,-19413.0,1269.0,4,Tuesday,October
NY_Reversion,88201,2025.10.08,15:52,19:27,SHORT,25052.67,25112.67,24872.67,-6000.0,-1.00,5998.0,2001.0,UNKNOWN,3761,215,50,4582.0,8.33,289.75,-5346.00,12388.9,-473.0,27522.0,-1453.0,27522.0,4,Wednesday,October
NY_Reversion,88201,2025.10.09,15:32,17:35,LONG,25020.59,24960.59,25200.59,-6000.0,-1.00,5997.0,5266.0,UNKNOWN,4657,123,50,5081.0,13.23,367.41,-5174.00,-7433.5,-11940.0,11041.0,-17119.0,19622.0,8,Thursday,October
NY_Reversion,88201,2025.10.10,15:32,15:32,LONG,24589.31,24529.31,24769.31,-6003.0,-1.00,5993.0,954.0,UNKNOWN,7131,0,50,27903.0,71.98,219.22,-30195.00,-49353.9,-60503.0,5018.0,-58868.0,-36946.0,2,Friday,October
NY_Reversion,88201,2025.10.13,15:32,16:58,SHORT,24717.05,24777.05,24537.05,-6000.0,-1.00,5998.0,3972.0,UNKNOWN,5254,86,50,6154.0,19.52,179.02,-6784.00,6190.1,-47729.0,23902.0,9837.0,27739.0,1,Monday,October
NY_Reversion,88201,2025.10.14,15:36,15:47,SHORT,24559.00,24619.00,24379.00,-6000.0,-1.00,5998.0,3788.0,UNKNOWN,5198,11,50,4688.0,20.02,237.53,-5636.00,3338.5,-17883.0,31833.0,-22788.0,965.0,3,Tuesday,October
NY_Reversion,88201,2025.10.16,15:32,15:56,LONG,24840.88,24780.88,25020.88,-6000.0,-1.00,5997.0,5364.0,UNKNOWN,6550,24,50,10834.0,23.90,451.05,-10833.00,-1703.6,-16037.0,14215.0,-9560.0,35545.0,6,Thursday,October
NY_Reversion,88201,2025.10.17,15:36,16:00,LONG,24526.27,24466.27,24706.27,18002.0,3.00,2209.0,17999.0,UNKNOWN,5835,24,50,9049.0,34.60,535.95,-9450.00,543.6,-47498.0,21460.0,-47498.0,6097.0,4,Friday,October
NY_Reversion,88201,2025.10.21,15:46,20:30,SHORT,25125.25,25185.25,24945.25,3491.0,0.58,5449.0,6376.0,UNKNOWN,3780,284,50,4862.0,14.63,396.80,-5104.00,1512.5,-5241.0,9004.0,-6019.0,33661.0,1,Tuesday,October
NY_Reversion,88201,2025.10.22,15:32,16:30,LONG,24855.25,24795.25,25035.25,-6119.0,-1.02,5879.0,11149.0,UNKNOWN,466,58,50,12752.0,27.21,164.47,-13250.00,-23920.1,-30319.0,1602.0,-34443.0,-17996.0,3,Wednesday,October
NY_Reversion,88201,2025.10.24,16:52,20:30,SHORT,25400.17,25460.17,25220.17,3815.0,0.64,1134.0,5866.0,UNKNOWN,403,218,1,4770.0,10.08,370.36,-5177.00,12316.3,77.0,43617.0,24832.0,61868.0,4,Friday,October
NY_Reversion,88201,2025.10.27,15:32,19:50,SHORT,25753.31,25813.31,25573.31,-6010.0,-1.00,5996.0,1349.0,UNKNOWN,336,258,1,2601.0,9.05,51.53,-2680.00,9487.3,-72.0,46981.0,14979.0,20132.0,1,Monday,October
NY_Reversion,88201,2025.10.28,15:34,19:26,LONG,25886.53,25826.53,26066.53,18023.0,3.00,2520.0,17998.0,UNKNOWN,405,232,1,1701.0,9.10,311.03,-1748.00,3430.4,-5948.0,23826.0,1601.0,32704.0,3,Tuesday,October
NY_Reversion,88201,2025.10.30,15:34,15:47,LONG,25885.49,25825.49,26065.49,-6009.0,-1.00,5971.0,1101.0,UNKNOWN,446,13,1,3060.0,17.14,328.64,-4662.00,-18811.9,-29650.0,8600.0,-34850.0,-1986.0,3,Thursday,October
NY_Reversion,88201,2025.10.31,15:38,16:00,LONG,25958.02,25898.02,26138.02,-6016.0,-1.00,5975.0,4900.0,UNKNOWN,427,22,1,5073.0,15.34,544.53,-8199.00,-7784.5,-17226.0,15853.0,-29702.0,24751.0,3,Friday,October
NY_Reversion,88201,2025.11.03,16:58,23:00,SHORT,25979.82,26039.82,25799.82,1276.0,0.21,6268.0,4804.0,UNKNOWN,466,362,1,5657.0,18.28,62.41,-6750.00,626.4,-15091.0,19032.0,2174.0,8415.0,2,Monday,November
NY_Reversion,88201,2025.11.04,16:44,18:27,SHORT,25663.37,25723.37,25483.37,18017.0,3.00,116.0,17998.0,UNKNOWN,470,103,1,4967.0,21.20,248.65,-5527.00,-2813.6,-38966.0,14982.0,-46736.0,-21871.0,1,Tuesday,November
NY_Reversion,88201,2025.11.05,16:44,17:38,SHORT,25631.36,25691.36,25451.36,-6002.0,-1.00,5994.0,2000.0,UNKNOWN,455,54,1,8790.0,17.85,564.22,-10201.00,25474.5,-13016.0,35641.0,-30560.0,25862.0,1,Wednesday,November
NY_Reversion,88201,2025.11.06,16:36,19:29,LONG,25126.08,25066.08,25306.08,18012.0,3.00,5182.0,17992.0,UNKNOWN,473,173,1,8319.0,33.30,593.80,-10957.00,-41184.7,-57079.0,703.0,-62167.0,-2787.0,1,Thursday,November
NY_Reversion,88201,2025.11.07,16:42,18:39,LONG,24638.63,24578.63,24818.63,18016.0,3.00,5102.0,17974.0,UNKNOWN,452,117,1,7199.0,23.71,622.61,-8312.00,-41419.5,-90863.0,389.0,-105824.0,-43563.0,3,Friday,November
NY_Reversion,88201,2025.11.10,16:42,18:16,LONG,25365.87,25305.87,25545.87,18012.0,3.00,1400.0,17993.0,UNKNOWN,452,94,1,4976.0,23.72,74.74,-5249.00,-2457.5,-19151.0,76826.0,10201.0,17675.0,2,Monday,November
NY_Reversion,88201,2025.11.11,16:32,18:57,LONG,25404.14,25344.14,25584.14,18002.0,3.00,904.0,17975.0,UNKNOWN,453,145,1,8237.0,22.79,490.75,-8299.00,-13755.4,-15324.0,5939.0,-24722.0,24353.0,4,Tuesday,November
NY_Reversion,88201,2025.11.12,16:32,23:00,SHORT,25488.37,25548.37,25308.37,-2410.0,-0.40,5826.0,10624.0,UNKNOWN,453,388,1,9026.0,21.39,287.76,-9750.00,-11715.0,-23451.0,11150.0,-17626.0,11150.0,3,Wednesday,November
NY_Reversion,88201,2025.11.13,16:42,18:10,LONG,25069.40,25009.40,25249.40,-6005.0,-1.00,5956.0,7498.0,UNKNOWN,467,88,1,7224.0,30.69,340.76,-7471.00,-38226.6,-48324.0,445.0,-65348.0,-31272.0,4,Thursday,November
NY_Reversion,88201,2025.11.14,17:12,18:41,SHORT,25188.62,25248.62,25008.62,18017.0,3.00,0.0,17995.0,UNKNOWN,454,89,1,15089.0,21.94,718.04,-17424.00,30661.9,-19712.0,66349.0,-42252.0,29552.0,2,Friday,November
NY_Reversion,88201,2025.11.17,16:32,16:47,SHORT,25005.62,25065.62,24825.62,-6000.0,-1.00,5975.0,1650.0,UNKNOWN,506,15,1,12537.0,28.09,165.01,-15024.00,-9165.9,-19314.0,48049.0,-9165.0,7336.0,5,Monday,November
NY_Reversion,88201,2025.11.18,16:34,17:53,SHORT,24587.62,24647.62,24407.62,-6017.0,-1.00,5964.0,17724.0,UNKNOWN,533,79,1,17674.0,38.25,627.39,-18336.00,-6281.7,-57525.0,29148.0,-68264.0,-5525.0,9,Tuesday,November
NY_Reversion,88201,2025.11.19,17:04,17:26,LONG,24569.15,24509.15,24749.15,-6018.0,-1.00,5966.0,0.0,UNKNOWN,523,22,1,9201.0,32.21,577.88,-10309.00,157.1,-33311.0,27301.0,-30487.0,27301.0,1,Wednesday,November
NY_Reversion,88201,2025.11.20,16:32,16:37,LONG,24789.15,24729.15,24969.15,-6023.0,-1.00,5972.0,1910.0,UNKNOWN,554,5,1,15964.0,48.69,662.87,-17260.00,-27750.5,-43485.0,24629.0,-23660.0,42627.0,2,Thursday,November
NY_Reversion,88201,2025.11.21,16:34,16:48,SHORT,24104.24,24164.24,23924.24,-6018.0,-1.00,5966.0,2548.0,UNKNOWN,545,14,1,18463.0,46.50,1286.25,-19412.00,4651.0,-111976.0,28100.0,-111976.0,16649.0,1,Friday,November
NY_Reversion,88201,2025.11.25,16:44,17:11,SHORT,24800.12,24860.12,24620.12,-6009.0,-1.00,5999.0,4149.0,UNKNOWN,447,27,1,10651.0,22.88,630.90,-10776.00,439.9,-9315.0,29200.0,-12015.0,51075.0,6,Tuesday,November
NY_Reversion,88201,2025.11.26,16:36,23:00,SHORT,25268.76,25328.76,25088.76,2653.0,0.44,3298.0,5858.0,UNKNOWN,375,384,1,4852.0,12.18,532.00,-5251.00,15198.4,-1.0,74752.0,21552.0,74752.0,3,Wednesday,November
NY_Reversion,88201,2025.11.28,17:08,18:03,SHORT,25369.50,25429.50,25189.50,-6011.0,-1.00,5986.0,4124.0,UNKNOWN,357,55,1,6751.0,12.67,52.51,-6725.00,4865.5,-27.0,14826.0,9575.0,14826.0,1,Friday,November
NY_Reversion,88201,2025.12.01,16:32,17:05,SHORT,25337.87,25397.87,25157.87,-6009.0,-1.00,5986.0,1723.0,UNKNOWN,438,33,1,6615.0,23.25,80.13,-7425.00,9773.8,-3190.0,18723.0,-12700.0,-4687.0,2,Monday,December
NY_Reversion,88201,2025.12.02,16:32,17:20,LONG,25366.89,25306.89,25546.89,18001.0,3.00,652.0,17979.0,UNKNOWN,531,48,1,10939.0,31.66,302.49,-13212.00,-4722.8,-24886.0,21625.0,-7010.0,23239.0,7,Tuesday,December
NY_Reversion,88201,2025.12.03,16:32,18:43,SHORT,25542.24,25602.24,25362.24,-6017.0,-1.00,5998.0,6086.0,UNKNOWN,442,131,1,5215.0,23.14,344.48,-5788.00,-535.8,-8502.0,18187.0,-7351.0,27097.0,2,Wednesday,December
NY_Reversion,88201,2025.12.04,16:48,23:00,SHORT,25552.26,25612.26,25372.26,-3018.0,-0.50,4851.0,11350.0,UNKNOWN,434,372,1,5853.0,16.74,263.49,-6402.00,-2520.5,-12951.0,17101.0,-8348.0,18001.0,3,Thursday,December
NY_Reversion,88201,2025.12.05,16:32,23:01,LONG,25612.40,25552.40,25792.40,9486.0,1.58,940.0,10048.0,UNKNOWN,497,3269,1,5700.0,26.30,243.02,-7985.00,-5896.1,-20685.0,15663.0,-6937.0,17365.0,3,Friday,December
NY_Reversion,88201,2025.12.09,16:42,23:00,LONG,25646.40,25586.40,25826.40,-69.0,-0.01,1615.0,5122.0,UNKNOWN,378,378,1,2277.0,10.84,295.86,-2487.00,1745.6,-11585.0,12414.0,-16935.0,12651.0,3,Tuesday,December
NY_Reversion,88201,2025.12.10,16:58,19:00,SHORT,25620.75,25680.75,25440.75,-6151.0,-1.03,5975.0,5900.0,UNKNOWN,338,122,1,4999.0,12.09,175.36,-5300.00,-272.6,-7900.0,12498.0,-7687.0,9849.0,5,Wednesday,December
NY_Reversion,88201,2025.12.11,16:40,16:46,SHORT,25492.61,25552.61,25312.61,-6005.0,-1.00,5987.0,135.0,UNKNOWN,394,6,1,6750.0,22.89,336.49,-6685.00,-3461.7,-17765.0,13234.0,-33965.0,-316.0,5,Thursday,December
NY_Reversion,88201,2025.12.12,17:06,17:18,SHORT,25199.62,25259.62,25019.62,-6008.0,-1.00,5988.0,0.0,UNKNOWN,481,12,1,9348.0,29.98,477.36,-9136.00,-30648.7,-40662.0,10738.0,-63150.0,-15414.0,5,Friday,December
NY_Reversion,88201,2025.12.15,16:38,17:51,LONG,25127.76,25067.76,25307.76,-6021.0,-1.00,5997.0,3999.0,UNKNOWN,489,73,1,11292.0,25.66,109.87,-11351.00,-10980.9,-46575.0,11601.0,-9225.0,1762.0,4,Monday,December
NY_Reversion,88201,2025.12.16,16:50,20:09,SHORT,25031.75,25091.75,24851.75,-6025.0,-1.00,5999.0,12602.0,UNKNOWN,452,199,1,6049.0,27.52,379.52,-8701.00,7660.4,-21049.0,13301.0,-35952.0,2000.0,4,Tuesday,December
NY_Reversion,88201,2025.12.17,16:52,19:33,LONG,24729.50,24669.50,24909.50,-6037.0,-1.01,5988.0,9624.0,UNKNOWN,509,161,1,8988.0,29.70,368.53,-11025.00,-34838.4,-51876.0,223.0,-44477.0,-7624.0,1,Wednesday,December
NY_Reversion,88201,2025.12.18,16:54,17:11,SHORT,25168.25,25228.25,24988.25,18012.0,3.00,202.0,17991.0,UNKNOWN,412,17,1,5987.0,14.90,619.02,-6437.00,29561.2,-250.0,44101.0,-8001.0,53901.0,2,Thursday,December
NY_Reversion,88201,2025.12.19,16:32,23:01,SHORT,25304.13,25364.13,25124.13,-10787.0,-1.80,4815.0,5436.0,UNKNOWN,391,3269,1,2801.0,16.42,509.00,-3189.00,18633.4,-5013.0,38199.0,13338.0,64238.0,4,Friday,December
NY_Reversion,88201,2025.12.22,16:36,23:00,LONG,25451.25,25391.25,25631.25,1391.0,0.23,2387.0,2851.0,UNKNOWN,357,384,1,2152.0,8.85,43.02,-2301.00,-316.3,-9652.0,28601.0,2298.0,6600.0,1,Monday,December
NY_Reversion,88201,2025.12.23,16:44,20:57,SHORT,25515.26,25575.26,25335.26,-6006.0,-1.00,5989.0,251.0,UNKNOWN,220,253,1,2249.0,7.34,163.90,-2300.00,5964.7,-1.0,14453.0,-3251.0,13139.0,3,Tuesday,December
NY_Reversion,88201,2025.12.24,16:32,23:00,SHORT,25626.25,25686.25,25446.25,-2416.0,-0.40,3450.0,450.0,UNKNOWN,171,1828,1,1688.0,5.65,217.02,-1788.00,4867.4,-2.0,23501.0,3850.0,25552.0,2,Wednesday,December
NY_Reversion,88201,2025.12.26,16:42,23:01,SHORT,25657.77,25717.77,25477.77,224.0,0.04,1051.0,3851.0,UNKNOWN,258,3259,1,2798.0,8.40,30.74,-3051.00,262.4,-4685.0,10440.0,-972.0,2102.0,1,Friday,December
NY_Reversion,88201,2026.01.02,16:52,23:01,LONG,25116.38,25056.38,25296.38,12699.0,2.12,5614.0,13512.0,UNKNOWN,475,3249,1,7748.0,25.64,53.01,-8486.00,-28113.8,-47775.0,2651.0,-18188.0,-12887.0,2,Friday,January
NY_Reversion,88201,2026.01.05,16:32,23:00,SHORT,25498.75,25558.75,25318.75,10606.0,1.77,1378.0,14412.0,UNKNOWN,363,388,1,2153.0,11.18,55.62,-2501.00,14853.7,-9538.0,40888.0,23100.0,28662.0,1,Monday,January
NY_Reversion,88201,2026.01.06,17:08,17:38,SHORT,25521.23,25581.23,25341.23,-6017.0,-1.00,5985.0,1135.0,UNKNOWN,382,30,1,4799.0,15.23,271.38,-5348.00,7355.9,-6515.0,14149.0,871.0,28009.0,2,Tuesday,January
NY_Reversion,88201,2026.01.07,16:44,23:00,SHORT,25750.88,25810.88,25570.88,9404.0,1.57,5490.0,12513.0,UNKNOWN,324,376,1,4864.0,11.59,318.77,-6126.00,13042.5,0.0,30315.0,9687.0,41564.0,3,Wednesday,January
NY_Reversion,88201,2026.01.08,16:36,23:00,LONG,25418.37,25358.37,25598.37,12856.0,2.14,1700.0,14038.0,UNKNOWN,444,384,1,5412.0,21.21,269.00,-6800.00,-13970.3,-36262.0,3135.0,-38740.0,-11840.0,2,Thursday,January
NY_Reversion,88201,2026.01.12,16:48,23:00,LONG,25751.76,25691.76,25931.76,3148.0,0.52,264.0,9399.0,UNKNOWN,331,372,1,2998.0,10.21,50.27,-3397.00,14721.5,-3397.0,30902.0,450.0,5477.0,6,Monday,January
NY_Reversion,88201,2026.01.13,16:32,16:47,SHORT,25758.64,25818.64,25578.64,-6008.0,-1.00,5981.0,301.0,UNKNOWN,467,15,1,7400.0,18.04,385.49,-7878.00,2182.0,-11660.0,11827.0,-8711.0,29838.0,2,Tuesday,January
NY_Reversion,88201,2026.01.14,16:48,18:37,LONG,25319.77,25259.77,25499.77,-6030.0,-1.01,5989.0,2273.0,UNKNOWN,449,109,1,9864.0,22.26,241.73,-10350.00,-27278.0,-53599.0,1603.0,-55547.0,-31374.0,4,Wednesday,January
NY_Reversion,88201,2026.01.19,17:06,23:00,SHORT,25229.25,25289.25,25049.25,-100.0,-0.02,2551.0,662.0,UNKNOWN,214,354,1,5703.0,7.03,63.01,-6501.00,3735.7,-37098.0,15448.0,-7650.0,-1349.0,2,Monday,January
NY_Reversion,88201,2026.01.20,16:36,18:33,SHORT,25249.61,25309.61,25069.61,18016.0,3.00,1766.0,17976.0,UNKNOWN,474,117,1,7414.0,26.70,232.50,-7699.00,11883.3,-1699.0,30074.0,-5766.0,17484.0,2,Tuesday,January
NY_Reversion,88201,2026.01.22,16:46,23:00,SHORT,25534.25,25594.25,25354.25,7314.0,1.22,3102.0,10449.0,UNKNOWN,344,374,1,4502.0,13.35,624.91,-4951.00,6550.5,-5051.0,46698.0,3623.0,66114.0,1,Thursday,January
NY_Reversion,88201,2026.01.23,16:32,17:46,LONG,25632.74,25572.74,25812.74,-6027.0,-1.00,5975.0,4888.0,UNKNOWN,425,74,1,4949.0,14.13,256.16,-5051.00,12013.8,-6676.0,25048.0,4798.0,30414.0,3,Friday,January
NY_Reversion,88201,2026.01.26,16:32,23:00,SHORT,25783.26,25843.26,25603.26,5507.0,0.92,901.0,8701.0,UNKNOWN,402,388,1,5762.0,14.67,144.77,-7013.00,22396.4,-148.0,36500.0,35049.0,49526.0,3,Monday,January
NY_Reversion,88201,2026.01.27,16:46,23:00,LONG,25950.74,25890.74,26130.74,2863.0,0.48,4698.0,3202.0,UNKNOWN,132,374,1,1865.0,7.31,384.37,-2103.00,8655.3,-2103.0,28549.0,15848.0,54285.0,1,Tuesday,January
NY_Reversion,88201,2026.01.29,16:44,17:12,SHORT,25583.50,25643.50,25403.50,-6002.0,-1.00,5959.0,3013.0,UNKNOWN,516,28,50,7050.0,30.41,351.14,-7254.00,-36704.2,-57975.0,17866.0,-63127.0,-28013.0,4,Thursday,January
NY_Reversion,88201,2026.01.30,16:44,18:12,SHORT,25716.42,25776.42,25536.42,18000.0,3.00,1559.0,17982.0,UNKNOWN,492,88,60,8985.0,30.10,743.18,-8985.00,1793.3,-15911.0,31158.0,-43160.0,31158.0,2,Friday,January
NY_Reversion,88201,2026.02.02,16:48,23:00,LONG,25724.05,25664.05,25904.05,3852.0,0.64,2373.0,10289.0,UNKNOWN,421,372,60,5087.0,16.29,196.13,-5325.00,36705.4,-8139.0,45418.0,27507.0,47120.0,2,Monday,February
NY_Reversion,88201,2026.02.03,16:52,17:12,LONG,25354.91,25294.91,25534.91,-6036.0,-1.01,5958.0,4803.0,UNKNOWN,490,20,60,8801.0,24.50,798.15,-10952.00,-39545.3,-52949.0,485.0,-50322.0,29493.0,2,Tuesday,February
NY_Reversion,88201,2026.02.04,16:40,16:44,LONG,24926.02,24866.02,25106.02,-6005.0,-1.00,5980.0,304.0,UNKNOWN,521,4,60,9700.0,34.12,808.73,-10091.00,-33192.8,-76638.0,161.0,-98363.0,-17490.0,2,Wednesday,February
NY_Reversion,88201,2026.02.05,16:34,17:40,SHORT,24702.28,24762.28,24522.28,-6047.0,-1.01,5979.0,8577.0,UNKNOWN,545,66,60,23688.0,42.03,729.79,-26371.00,-12790.7,-56962.0,26371.0,-69908.0,3071.0,5,Thursday,February
NY_Reversion,88201,2026.02.06,16:36,17:52,SHORT,24941.41,25001.41,24761.41,-6012.0,-1.00,5983.0,6390.0,UNKNOWN,468,76,60,6048.0,22.16,867.26,-6798.00,38386.8,-401.0,50284.0,-11947.0,74779.0,4,Friday,February
NY_Reversion,88201,2026.02.10,16:44,20:04,LONG,25241.04,25181.04,25421.04,-6007.0,-1.00,5992.0,6789.0,UNKNOWN,455,200,60,6236.0,20.34,471.94,-6462.00,-1979.0,-11690.0,24128.0,-9389.0,37805.0,1,Tuesday,February
NY_Reversion,88201,2026.02.11,16:36,23:00,LONG,25108.01,25048.01,25288.01,9309.0,1.55,5110.0,16692.0,UNKNOWN,512,384,60,8148.0,28.72,247.66,-8140.00,-7628.3,-27126.0,13398.0,-24993.0,-227.0,1,Wednesday,February
NY_Reversion,88201,2026.02.13,16:40,17:14,SHORT,24799.91,24859.91,24619.91,-6009.0,-1.00,5974.0,2928.0,UNKNOWN,496,34,60,10410.0,36.67,697.47,-12296.00,12839.9,-44035.0,30655.0,-53748.0,15999.0,1,Friday,February
NY_Reversion,88201,2026.02.16,16:38,23:00,LONG,24611.26,24551.26,24791.26,6288.0,1.05,1534.0,8277.0,UNKNOWN,351,382,60,5596.0,15.86,83.53,-6665.00,-13654.8,-23518.0,11790.0,-15161.0,-6808.0,3,Monday,February
NY_Reversion,88201,2026.02.17,16:32,17:44,LONG,24632.91,24572.91,24812.91,-6037.0,-1.01,5999.0,7854.0,UNKNOWN,514,72,60,7287.0,30.21,250.45,-8713.00,6504.4,-19147.0,25861.0,-21346.0,3699.0,3,Tuesday,February
NY_Reversion,88201,2026.02.19,16:46,17:48,LONG,24782.05,24722.05,24962.05,-6034.0,-1.01,5980.0,5140.0,UNKNOWN,473,62,60,8574.0,22.88,419.61,-10650.00,-6557.8,-26451.0,8903.0,-27640.0,14321.0,3,Thursday,February
NY_Reversion,88201,2026.02.20,16:46,17:19,SHORT,25040.69,25100.69,24860.69,18018.0,3.00,2548.0,17996.0,UNKNOWN,479,33,60,12401.0,31.91,303.95,-12928.00,19589.5,-3410.0,42471.0,5729.0,36124.0,5,Friday,February
NY_Reversion,88201,2026.02.23,16:38,23:00,SHORT,24719.91,24779.91,24539.91,-1881.0,-0.31,4026.0,10236.0,UNKNOWN,480,382,60,11076.0,23.05,120.51,-11174.00,-10261.4,-35488.0,11197.0,-27694.0,-15643.0,1,Monday,February
NY_Reversion,88201,2026.02.24,16:32,23:00,LONG,24932.02,24872.02,25112.02,3198.0,0.53,1521.0,9243.0,UNKNOWN,484,388,60,5150.0,19.59,370.32,-6140.00,12706.5,-6140.0,32408.0,-4624.0,32408.0,2,Tuesday,February
NY_Reversion,88201,2026.02.25,16:32,19:07,SHORT,25260.41,25320.41,25080.41,-6005.0,-1.00,5991.0,1939.0,UNKNOWN,372,155,60,2141.0,11.85,382.44,-3012.00,18317.0,-4600.0,61840.0,23596.0,61840.0,2,Wednesday,February
NY_Reversion,88201,2026.02.26,16:38,16:57,LONG,24974.80,24914.80,25154.80,-6007.0,-1.00,5987.0,1076.0,UNKNOWN,499,19,60,5788.0,21.62,493.01,-6102.00,-24444.3,-39060.0,16123.0,-46570.0,2731.0,2,Thursday,February
NY_Reversion,88201,2026.02.27,16:44,18:21,LONG,24894.28,24834.28,25074.28,-6004.0,-1.00,5987.0,9164.0,UNKNOWN,483,97,60,5789.0,23.20,551.83,-6803.00,-3470.4,-32198.0,16216.0,-47112.0,8071.0,5,Friday,February
NY_Reversion,88201,2026.03.02,16:42,17:16,SHORT,24961.45,25021.45,24781.45,-6001.0,-1.00,5983.0,1191.0,UNKNOWN,506,34,60,12501.0,27.62,121.64,-15101.00,27407.6,-896.0,40919.0,19032.0,31196.0,5,Monday,March
NY_Reversion,88201,2026.03.03,16:46,18:20,SHORT,24638.16,24698.16,24458.16,-6060.0,-1.01,5999.0,7231.0,UNKNOWN,545,94,70,7807.0,33.52,622.06,-11108.00,3511.5,-36329.0,32241.0,-41927.0,20279.0,2,Tuesday,March
NY_Reversion,88201,2026.03.04,16:34,18:30,SHORT,25091.03,25151.03,24911.03,-6027.0,-1.00,5990.0,2936.0,UNKNOWN,437,116,60,6761.0,24.50,626.11,-7511.00,38463.0,-2941.0,77528.0,14917.0,77528.0,2,Wednesday,March
NY_Reversion,88201,2026.03.05,16:32,17:03,SHORT,24976.19,25036.19,24796.19,-6016.0,-1.00,5973.0,2868.0,UNKNOWN,529,31,60,6813.0,33.60,714.46,-7337.00,-6291.7,-18963.0,18530.0,-20326.0,51120.0,1,Thursday,March
NY_Reversion,88201,2026.03.06,16:44,20:23,SHORT,24844.70,24904.70,24664.70,18009.0,3.00,4717.0,17984.0,UNKNOWN,539,219,70,7057.0,32.04,467.44,-7870.00,-6750.7,-32112.0,26797.0,-35716.0,11028.0,1,Friday,March
NY_Reversion,88201,2026.03.09,15:56,16:26,SHORT,24626.82,24686.82,24446.82,-6040.0,-1.01,5960.0,2141.0,UNKNOWN,493,30,70,6684.0,19.61,204.39,-7158.00,36013.9,-26012.0,33869.0,28020.0,48459.0,4,Monday,March
